nflId,rusher_name,rusher_position,num_rows,actual_attention,expected_attention,gravity_score,player,position,team_name,total_hits,total_hurries,total_sacks,prp
33131,Calais Campbell,DE,169,1.492735729554866,1.4089234520697735,0.08381227748509243,Calais Campbell,DI,BLT,7,11,0,5.325443786982248
35441,Ndamukong Suh,DE,183,1.3694804107962941,1.3968805683766559,-0.027400157580361736,Ndamukong Suh,DI,TB,5,10,2,5.191256830601093
35454,Jason Pierre-Paul,DE,155,1.0231554048484648,1.0328279533693867,-0.009672548520922001,Jason Pierre-Paul,ED,TB,1,7,2,3.870967741935484
35470,Jerry Hughes,DE,105,0.9013753431663071,1.02863830384754,-0.12726296068123283,Jerry Hughes,ED,BUF,3,17,1,10.476190476190476
35485,Linval Joseph,NT,100,1.429979782471309,1.4339855682849885,-0.0040057858136795,Linval Joseph,DI,LAC,1,9,1,6.0
35493,Carlos Dunlap,OLB,141,1.0144632240192624,0.9641795462750374,0.05028367774422492,Carlos Dunlap,ED,SEA,2,11,1,5.319148936170213
35539,Everson Griffen,DE,147,1.061462821871665,1.0603111597145496,0.00115166215711546,Everson Griffen,ED,MIN,3,15,5,9.523809523809524
35562,Al Woods,DT,109,1.4467212690919873,1.4342499927643242,0.012471276327662895,Al Woods,DI,SEA,2,5,1,4.128440366972477
37075,Von Miller,OLB,145,0.8525799393603294,0.8440943528865946,0.00848558647373477,Von Miller,ED,LA,4,17,5,10.689655172413794
37084,J.J. Watt,DE,167,1.4477949692127925,1.3755978802720943,0.07219708894069812,J.J. Watt,DI,ARZ,11,13,0,7.18562874251497
37087,Robert Quinn,OLB,125,0.9605282044522535,0.9642498178482055,-0.0037216133959521135,Robert Quinn,ED,CHI,2,11,5,9.2
37089,Ryan Kerrigan,DE,75,1.0760808509568234,1.0533882427215575,0.022692608235265883,Ryan Kerrigan,ED,PHI,1,9,0,6.666666666666667
37097,Cameron Jordan,DE,197,1.1219999459178662,0.9939663431366083,0.12803360278125805,Cameron Jordan,ED,NO,7,16,2,6.852791878172589
37104,Cameron Heyward,DT,184,1.3826460721816358,1.389250655213128,-0.006604583031492301,Cameron Heyward,DI,PIT,2,20,3,7.608695652173913
37145,Justin Houston,OLB,120,0.9427829294744929,0.9239662572741508,0.018816672200342093,Justin Houston,ED,BLT,4,7,3,7.083333333333333
37841,Mario Addison,DE,94,0.9160081875081031,0.9994999690258757,-0.08349178151777265,Mario Addison,ED,BUF,1,9,2,7.446808510638298
38542,Fletcher Cox,DT,156,1.4311300716977406,1.4416067516192412,-0.010476679921500684,Fletcher Cox,DI,PHI,2,15,1,6.089743589743589
38544,Michael Brockers,DE,108,1.5087404944748257,1.3963281280464597,0.11241236642836615,Michael Brockers,DI,DET,0,2,1,1.8518518518518519
38548,Melvin Ingram,OLB,114,1.0048222356540841,0.979557014871062,0.025265220783022284,Melvin Ingram III,ED,KC,6,11,1,8.333333333333334
38551,Chandler Jones,OLB,146,1.0228670964810944,0.9575916036759338,0.06527549280516065,Chandler Jones,ED,ARZ,7,5,3,6.164383561643835
38556,Whitney Mercilus,DE,110,1.0007289450913424,0.9745217404582284,0.02620720463311408,Whitney Mercilus,ED,GB,1,9,2,6.363636363636363
38619,Akiem Hicks,DT,85,1.4741900579855851,1.43217972166398,0.04201033632160515,Akiem Hicks,DI,CHI,3,3,3,7.0588235294117645
38667,Malik Jackson,DT,158,1.3597448018875506,1.413074516420123,-0.053329714532572244,Malik Jackson,DI,CLV,5,14,1,6.6455696202531644
39959,Sheldon Richardson,DT,109,1.5215539875621462,1.4309480441819638,0.09060594338018242,Sheldon Richardson,DI,MIN,1,7,0,3.669724770642202
39960,Star Lotulelei,DT,82,1.5297659014299758,1.4650968662122401,0.06466903521773575,Star Lotulelei,DI,BUF,1,7,2,7.317073170731708
39997,Johnathan Hankins,NT,104,1.476848516590756,1.468617870257451,0.00823064633330495,Johnathan Hankins,DI,LV,1,3,0,1.9230769230769231
40042,Brandon Williams,NT,80,1.3846068775691749,1.4535087004303933,-0.0689018228612184,Brandon Williams,DI,BLT,1,6,0,4.375
40051,Alex Okafor,DE,103,0.9375590337870963,0.9947437166588978,-0.05718468287180144,Alex Okafor,ED,KC,2,8,0,4.854368932038835
40074,William Gholston,DE,96,1.4275439261997114,1.378708465024829,0.048835461174882466,William Gholston,DI,TB,2,7,1,5.729166666666667
40095,Steven Means,OLB,121,1.0389091819812448,0.9939488384349286,0.04496034354631618,Steven Means,ED,ATL,1,6,0,2.8925619834710745
40171,Nicholas Williams,DE,112,1.3832781094814055,1.4554907456040382,-0.0722126361226328,Nick Williams,DI,DET,0,6,1,3.5714285714285716
41227,Jadeveon Clowney,DE,137,1.0350535878896303,1.0258398878313328,0.009213700058297507,Jadeveon Clowney,ED,CLV,3,17,5,10.94890510948905
41231,Khalil Mack,OLB,124,0.9252914807392274,0.9107898915967634,0.014501589142464104,Khalil Mack,ED,CHI,0,15,4,9.274193548387096
41239,Aaron Donald,DT,229,1.590982047537108,1.3620932086586433,0.22888883887846478,Aaron Donald,DI,LA,5,22,6,8.51528384279476
41249,Dee Ford,DE,75,0.8978323659399983,0.8588943016529084,0.03893806428708985,Dee Ford,ED,SF,0,7,2,7.333333333333333
41341,DaQuan Jones,DT,108,1.4463232579091694,1.457975877655877,-0.011652619746707641,DaQuan Jones,DI,CAR,2,9,1,6.018518518518518
41464,Shelby Harris,DE,143,1.429908669179364,1.4017367237931364,0.028171945386227668,Shelby Harris,DI,DEN,3,7,3,5.594405594405594
41786,Kerry Hyder,DE,155,1.2587360615773375,1.3347858363582241,-0.07604977478088669,Kerry Hyder Jr.,ED,SEA,5,9,1,5.161290322580645
41915,Shaquil Barrett,OLB,194,0.9332275459269126,0.9590400792274278,-0.0258125333005152,Shaquil Barrett,ED,TB,4,28,6,11.34020618556701
42031,Denico Autry,DE,178,1.0679003686771247,1.230926537781619,-0.16302616910449436,Denico Autry,ED,TEN,7,17,4,8.98876404494382
42346,Dante Fowler,OLB,103,0.987441670996887,1.0264552686978312,-0.03901359770094433,Dante Fowler Jr.,ED,ATL,1,9,2,6.796116504854369
42349,Leonard Williams,DT,212,1.381189187569314,1.398248482425258,-0.017059294855943753,Leonard Williams,DI,NYG,4,13,6,6.839622641509434
42360,Arik Armstead,DE,137,1.2415699893108583,1.2539279115026014,-0.012357922191743118,Arik Armstead,DI,SF,1,18,1,7.664233576642336
42365,Bud Dupree,OLB,111,0.9987811198344245,0.9357288291862419,0.06305229064818255,Bud Dupree,ED,TEN,3,6,1,4.954954954954955
42375,Malcom Brown,DT,90,1.4664906876338093,1.4089432160059612,0.05754747162784808,Malcom Brown,DI,JAX,1,5,1,4.444444444444445
42381,Preston Smith,OLB,118,0.8371020939563367,0.8774750538296618,-0.04037295987332514,Preston Smith,ED,GB,4,7,2,6.3559322033898304
42401,Markus Golden,OLB,157,0.888779399898926,0.9258453151223006,-0.03706591522337476,Markus Golden,ED,ARZ,5,13,5,8.9171974522293
42403,Randy Gregory,DE,129,1.0020033864165518,0.9891330493513004,0.012870337065251598,Randy Gregory,ED,DAL,7,16,5,12.790697674418604
42406,Frank Clark,DE,92,0.9921364322993588,0.9807855111101399,0.011350921189218795,Frank Clark,ED,KC,3,12,1,9.23913043478261
42431,Danielle Hunter,DE,168,0.9690246552790962,0.9870470354244822,-0.018022380145386135,Danielle Hunter,ED,MIN,3,19,4,8.928571428571429
42443,Angelo Blackson,DT,95,1.4486091291833723,1.4141904052935148,0.034418723889857526,Angelo Blackson,DI,CHI,2,6,1,5.2631578947368425
42444,Trey Flowers,OLB,84,1.1332781937001044,1.1089952165881793,0.024282977111925192,Trey Flowers,ED,DET,1,3,1,3.5714285714285716
42480,Grady Jarrett,DT,159,1.541058868638903,1.4465037059484038,0.09455516269049921,Grady Jarrett,DI,ATL,1,12,1,4.716981132075472
42559,Christian Covington,NT,109,1.4587249674958085,1.3869545405064154,0.07177042698939314,Christian Covington,DI,LAC,1,2,1,2.293577981651376
42560,Rakeem Nunez-Roches,DT,81,1.464338005200005,1.440732342225534,0.02360566297447102,Rakeem Nunez-Roches,DI,TB,0,5,0,3.0864197530864197
42826,DeShawn Williams,DT,75,1.3988952351094361,1.4265808788935344,-0.027685643784098126,DeShawn Williams,DI,DEN,0,7,0,4.666666666666667
43292,Joey Bosa,OLB,159,0.9688538489760626,0.9173668056913892,0.051487043284673364,Joey Bosa,ED,LAC,3,20,4,9.748427672955975
43296,DeForest Buckner,DT,183,1.4720956823867548,1.4322662571740281,0.03982942521272674,DeForest Buckner,DI,IND,4,16,3,7.103825136612022
43298,Leonard Floyd,OLB,175,0.8231269888864796,0.830618222611291,-0.007491233724811378,Leonard Floyd,ED,LA,1,19,5,8.571428571428571
43301,Sheldon Rankins,DT,135,1.408718410299788,1.3530113348254451,0.05570707547434297,Sheldon Rankins,DI,NYJ,3,6,2,4.814814814814815
43308,Shaq Lawson,DE,108,1.029570446358129,0.9780536382286636,0.05151680812946532,Shaq Lawson,ED,NYJ,1,4,0,2.314814814814815
43316,Kenny Clark,NT,211,1.4735061486281948,1.4384325528031843,0.03507359582501081,Kenny Clark,DI,GB,5,23,2,7.5829383886255926
43321,Emmanuel Ogbah,DE,201,1.044626722204443,1.0718837122418987,-0.02725699003745569,Emmanuel Ogbah,ED,MIA,9,14,2,6.7164179104477615
43326,Chris Jones,DT,122,1.2358888703315947,1.2346117076326588,0.001277162698935872,Chris Jones,DI,KC,3,14,3,9.426229508196721
43332,Austin Johnson,NT,108,1.5423447627428368,1.4757690849127594,0.06657567783007744,Austin Johnson,DI,NYG,2,7,2,6.018518518518518
43333,Jihad Ward,OLB,84,1.3358507156914459,1.3120453031290145,0.02380541256243152,Jihad Ward,ED,JAX,3,7,0,5.9523809523809526
43338,Jarran Reed,DT,137,1.443152867870273,1.4375618278545186,0.005591040015754445,Jarran Reed,DI,KC,6,7,0,4.744525547445256
43356,Maliek Collins,DT,116,1.4328852002674475,1.4173408222609554,0.015544378006492346,Maliek Collins,DI,HST,3,9,1,6.0344827586206895
43358,Yannick Ngakoue,DE,180,0.9989937065380821,1.032986147536172,-0.03399244099808963,Yannick Ngakoue,ED,LV,6,18,4,8.88888888888889
43378,Javon Hargrave,DT,150,1.4491678195911066,1.46401384751002,-0.014846027918913226,Javon Hargrave,DI,PHI,6,14,5,10.0
43426,Dean Lowry,DE,130,1.3882694455343378,1.4216915263579442,-0.0334220808236064,Dean Lowry,DI,GB,0,11,3,6.538461538461538
43435,Matt Judon,OLB,161,0.9287952045751199,0.95475611405343,-0.02596090947831016,Matthew Judon,ED,NE,5,20,7,12.111801242236025
43436,Quinton Jefferson,DT,144,1.4764959306264285,1.4455192635456722,0.030976667080756397,Quinton Jefferson,DI,LV,6,6,3,6.25
43441,Matt Ioannidis,DT,122,1.522077158486616,1.4073330242125714,0.11474413427404467,Matt Ioannidis,DI,WAS,2,9,1,5.327868852459017
43455,D.J. Reader,NT,132,1.488514869087418,1.446521607312289,0.04199326177512885,DJ Reader,DI,CIN,2,11,1,5.681818181818182
43638,Justin Zimmer,DT,86,1.5114010007756624,1.4467958087144897,0.06460519206117268,Justin Zimmer,DI,BUF,3,5,1,5.813953488372093
43791,Morgan Fox,DE,116,1.382518780837027,1.3525464375471246,0.029972343289902233,Morgan Fox,DI,CAR,3,7,0,4.310344827586207
44813,Myles Garrett,DE,170,1.084141072967443,0.9780040179981905,0.10613705496925252,Myles Garrett,ED,CLV,6,23,12,15.588235294117647
44815,Solomon Thomas,DT,112,1.4841297554043995,1.4583926594683103,0.025737095936089176,Solomon Thomas,DI,LV,6,9,3,9.375
44825,Haason Reddick,OLB,147,0.850815464675654,0.8976424178298639,-0.04682695315420983,Haason Reddick,ED,CAR,3,9,7,8.843537414965986
44826,Derek Barnett,DE,141,0.9464978790531469,0.9339963332981083,0.012501545755038687,Derek Barnett,ED,PHI,7,4,1,4.609929078014185
44829,Jonathan Allen,DT,186,1.444781536043374,1.4294162238797834,0.015365312163590536,Jonathan Allen,DI,WAS,8,18,5,9.67741935483871
44834,Charles Harris,OLB,122,0.9869974591217687,0.9816014190189174,0.005396040102851311,Charles Harris,ED,DET,2,13,4,9.426229508196721
44838,Takkarist McKinley,DE,103,0.9814350347124067,0.892634391784668,0.08880064292773882,Takk McKinley,ED,CLV,3,8,2,7.281553398058253
44842,T.J. Watt,OLB,141,0.8672527781317659,0.8411036201402651,0.026149157991500825,T.J. Watt,ED,PIT,5,8,8,10.28368794326241
44847,Malik McDowell,DT,128,1.441768712204478,1.4444554559886456,-0.002686743784167476,Malik McDowell,DI,CLV,2,5,2,4.296875
44859,Tyus Bowser,OLB,92,0.9057986607660915,0.9044700941961744,0.001328566569917118,Tyus Bowser,ED,BLT,1,8,3,8.152173913043478
44863,DeMarcus Walker,DE,80,1.248503882256057,1.3760219536721707,-0.12751807141611365,DeMarcus Walker,ED,HST,4,7,1,8.125
44867,Dalvin Tomlinson,DT,103,1.4194324896254913,1.4092710180190002,0.010161471606491172,Dalvin Tomlinson,DI,MIN,1,8,2,6.310679611650485
44871,Tanoh Kpassagnon,DE,100,1.3086217813729322,1.279507530927658,0.02911425044527419,Tanoh Kpassagnon,ED,NO,3,7,3,8.0
44877,Larry Ogunjobi,DT,178,1.4092856852323379,1.4806022704317328,-0.07131658519939497,Larry Ogunjobi,DI,CIN,1,11,4,5.617977528089888
44880,Dawuane Smoot,DE,132,1.0737941375953803,1.089256967107455,-0.015462829512074672,Dawuane Smoot,ED,JAX,4,13,3,8.712121212121213
44886,Chris Wormley,DE,144,1.422407930783946,1.378295410838392,0.04411251994555391,Chris Wormley,DI,PIT,0,6,0,2.0833333333333335
44892,Tarell Basham,DE,118,1.0158157288324368,0.9792895109976752,0.036526217834761496,Tarell Basham,ED,DAL,2,6,1,4.237288135593221
44915,Trey Hendrickson,DE,178,1.0532271938916355,1.0497301562448567,0.003497037646779044,Trey Hendrickson,ED,CIN,5,24,9,13.202247191011235
44938,Samson Ebukam,DE,79,1.174085507501819,1.0919352037997185,0.0821503037021005,Samson Ebukam,ED,SF,1,6,0,4.430379746835443
44944,Deatrich Wise,DE,109,1.2568113990173893,1.275553295918561,-0.018741896901171468,Deatrich Wise Jr.,ED,NE,0,4,1,2.7522935779816513
44957,Grover Stewart,DT,107,1.4618506404363925,1.478488000753884,-0.016637360317491596,Grover Stewart,DI,IND,1,7,1,4.672897196261682
44991,Davon Godchaux,NT,89,1.3793422899492644,1.4697904613580597,-0.09044817140879521,Davon Godchaux,DI,NE,1,4,0,2.808988764044944
45009,Al-Quadin Muhammad,DE,145,0.960324297541436,1.052457953732589,-0.09213365619115332,Al-Quadin Muhammad,ED,IND,1,8,4,5.862068965517241
45226,Josh Tupou,NT,85,1.4119686021165914,1.448403233640334,-0.0364346315237429,Josh Tupou,DI,CIN,1,7,0,4.705882352941177
45274,Adam Butler,DE,170,1.433839413047281,1.3955745150061214,0.038264898041159394,Adam Butler,DI,MIA,3,8,0,3.235294117647059
46081,Vita Vea,NT,165,1.4137687149236788,1.4028649965922038,0.010903718331475125,Vita Vea,DI,TB,5,9,1,4.848484848484849
46082,Daron Payne,DT,202,1.3497338770454448,1.419805651253993,-0.07007177420854825,Daron Payne,DI,WAS,3,17,2,5.9405940594059405
46110,Harold Landry,OLB,190,0.862348857557912,0.8747713192513115,-0.012422461693399407,Harold Landry III,ED,TEN,7,22,8,11.842105263157896
46117,Uchenna Nwosu,OLB,112,0.8831384654537645,0.8179158440658024,0.06522262138796213,Uchenna Nwosu,ED,LAC,5,5,1,5.357142857142857
46133,Tyquan Lewis,DE,150,1.1794276031905457,1.2312198209762573,-0.05179221778571161,Tyquan Lewis,ED,IND,3,11,3,6.666666666666667
46135,Lorenzo Carter,OLB,116,0.9382063295091891,0.9746862755253397,-0.0364799460161506,Lorenzo Carter,ED,NYG,1,7,0,3.4482758620689653
46138,B.J. Hill,DT,118,1.5175682934105064,1.4638002636068959,0.05376802980361063,B.J. Hill,DI,CIN,3,4,3,5.508474576271187
46146,Sam Hubbard,DE,198,0.9470629234039518,1.0005940983090738,-0.05353117490512198,Sam Hubbard,ED,CIN,2,16,5,7.070707070707071
46148,Rasheem Green,DE,184,1.2351220421930829,1.2513933337253074,-0.016271291532224473,Rasheem Green,ED,SEA,3,11,2,4.891304347826087
46199,Josh Sweat,DE,147,1.0074317718889805,1.0104889480435117,-0.0030571761545314224,Josh Sweat,ED,PHI,4,13,4,8.503401360544217
46204,John Franklin-Myers,DE,151,0.9349035096836558,0.9708068224767975,-0.035903312793141774,John Franklin-Myers,ED,NYJ,5,13,3,7.947019867549669
46214,Bilal Nichols,DE,131,1.3737208237150231,1.4042685354938944,-0.03054771177887112,Bilal Nichols,DI,CHI,1,10,1,4.961832061068702
46249,Folorunso Fatukasi,DT,102,1.5433501129147857,1.474946145917855,0.06840396699693087,Folorunso Fatukasi,DI,NYJ,2,6,0,3.9215686274509802
46255,Jacob Martin,DE,111,1.0570075647168795,1.00146317320901,0.055544391507869634,Jacob Martin,ED,HST,0,9,1,4.954954954954955
46264,Sebastian Joseph,NT,160,1.3294896380011028,1.4139216504991055,-0.08443201249800267,Sebastian Joseph-Day,DI,LA,2,9,2,4.6875
46457,Olasunkanmi Adeniyi,OLB,75,0.9826774589563928,0.9665893348058064,0.016088124150586403,Olasunkanmi Adeniyi,ED,TEN,4,2,3,8.0
46487,Poona Ford,NT,142,1.435188629958574,1.415509516084698,0.019679113873876285,Poona Ford,DI,SEA,2,11,0,4.577464788732394
47785,Nick Bosa,DE,138,1.0591465495503944,0.9528168236863785,0.10632972586401576,Nick Bosa,ED,SF,9,13,7,13.043478260869565
47786,Quinnen Williams,NT,136,1.3781569945838774,1.417122968856026,-0.03896597427214872,Quinnen Williams,DI,NYJ,3,11,4,8.088235294117647
47790,Josh Allen,OLB,139,0.9604920972755658,0.966887565825483,-0.006395468549917007,Josh Hines-Allen,ED,JAX,4,14,5,10.071942446043165
47792,Ed Oliver,DT,115,1.4470148153579476,1.4444624175196108,0.00255239783833689,Ed Oliver,DI,BUF,3,7,0,4.3478260869565215
47795,Rashan Gary,OLB,176,0.8791500703407972,0.8976031328466806,-0.018453062505883452,Rashan Gary,ED,GB,7,22,4,10.511363636363637
47796,Christian Wilkins,DT,128,1.3822054194936306,1.4138592649251223,-0.03165384543149157,Christian Wilkins,DI,MIA,4,6,2,5.46875
47799,Brian Burns,DE,159,0.8983646864661223,0.8960504528111631,0.002314233654959018,Brian Burns,ED,CAR,3,15,5,8.80503144654088
47800,Dexter Lawrence,DE,148,1.4917694477704238,1.4517702838859043,0.03999916388451941,Dexter Lawrence,DI,NYG,1,17,2,7.4324324324324325
47802,Jeffery Simmons,DT,224,1.3638988014487503,1.4303871797663825,-0.066488378317632,Jeffery Simmons,DI,TEN,4,24,3,7.589285714285714
47809,Montez Sweat,DE,186,0.9695479458327864,0.9485376922674077,0.02101025356537876,Montez Sweat,ED,WAS,7,12,3,6.720430107526882
47811,Jerry Tillery,DT,172,1.3477416616251052,1.351750816023627,-0.004009154398521865,Jerry Tillery,DI,LAC,4,7,3,4.941860465116279
47848,Zach Allen,DE,105,1.3295746522353162,1.3210089439437502,0.008565708291565754,Zach Allen,ED,ARZ,1,4,1,3.3333333333333335
47854,Dre'Mont Jones,DE,178,1.4297958031719533,1.408321580190337,0.02147422298161612,Dre'Mont Jones,DI,DEN,3,12,2,5.337078651685394
47889,Maxx Crosby,DE,193,0.9709276118377651,1.011061628556622,-0.04013401671885704,Maxx Crosby,ED,LV,8,26,6,11.917098445595855
47917,Greg Gaines,NT,104,1.4062466118528378,1.4361333296849177,-0.02988671783207977,Greg Gaines,DI,LA,1,12,2,8.173076923076923
47933,Kingsley Keke,DE,124,1.4136980307417815,1.3525397849659766,0.06115824577580488,Kingsley Keke,DI,GB,0,6,3,4.838709677419355
47934,Andrew Van Ginkel,OLB,83,0.907898700590638,0.9022669400795397,0.005631760511098434,Andrew Van Ginkel,ED,MIA,5,5,1,7.228915662650603
47944,Charles Omenihu,DE,85,1.1838365590360396,1.1276780254700605,0.056158533565979156,Charles Omenihu,ED,SF,3,9,0,7.0588235294117645
48089,Malik Reed,OLB,183,0.8039462306222941,0.8557190983021845,-0.05177286767989048,Malik Reed,ED,DEN,3,10,4,5.737704918032787
48537,Carl Granderson,DE,85,1.0132471473365663,1.0205806325463687,-0.007333485209802371,Carl Granderson,ED,NO,2,8,1,7.0588235294117645
48544,Shy Tuttle,DT,78,1.3946235684398367,1.4974564405588002,-0.10283287211896351,Shy Tuttle,DI,NO,1,0,0,0.6410256410256411
52410,Chase Young,DE,217,0.9792980047537306,0.9722635394417196,0.007034465312011048,Chase Young,ED,WAS,3,13,2,4.608294930875576
52415,Derrick Brown,DT,124,1.404568710376147,1.451691307367817,-0.04712259699166992,Derrick Brown,DI,CAR,2,7,2,5.241935483870968
52456,Darrell Taylor,DE,103,0.8800447581665507,0.8730513792014817,0.006993378965068984,Darrell Taylor,ED,SEA,5,9,3,9.70873786407767
52462,A.J. Epenesa,DE,78,1.0152028333268432,1.0112577959513054,0.003945037375537912,A.J. Epenesa,ED,BUF,5,9,0,8.974358974358974
52468,Josh Uche,OLB,94,0.8951312667077975,0.8836870025447074,0.011444264163090159,Joshua Uche,ED,NE,1,6,3,6.914893617021277
52479,Justin Madubuike,DT,75,1.411024530399978,1.4151061010360717,-0.004081570636093813,Nnamdi Madubuike,DI,BLT,2,2,1,4.0
52492,Terrell Lewis,OLB,136,0.7825855964957202,0.866483087048811,-0.0838974905530909,Terrell Lewis,ED,LA,1,14,3,7.720588235294118
52510,Alex Highsmith,OLB,125,0.8770952521085352,0.8817826247215271,-0.004687372612991926,Alex Highsmith,ED,PIT,3,4,1,3.6
52525,D.J. Wonnum,DE,142,1.1283941635947123,1.148756831464633,-0.020362667869920775,D.J. Wonnum,ED,MIN,1,5,1,2.816901408450704
52585,Michael Danna,DE,137,1.0049877403570566,1.0416355844396745,-0.036647844082617925,Mike Danna,ED,KC,4,6,2,5.109489051094891
52650,Jonathan Garvin,OLB,89,0.9238559966260966,0.9196572189920404,0.004198777634056244,Jonathan Garvin,ED,GB,3,6,2,7.303370786516854
52665,Malcolm Roach,DT,77,1.3835715550145093,1.4534013875119098,-0.06982983249740045,Malcolm Roach,DI,NO,1,3,0,2.5974025974025974
52792,Tershawn Wharton,DT,95,1.4027561117028282,1.3930139936898884,0.009742118012939931,Tershawn Wharton,DI,KC,0,8,0,4.2105263157894735
53053,Bryce Huff,DE,119,0.984408110293622,0.9237253460563531,0.060682764237268844,Bryce Huff,ED,NYJ,5,4,4,7.142857142857143
53441,Micah Parsons,OLB,96,1.0018555252776504,1.0040372187892597,-0.002181693511609028,Micah Parsons,ED,DAL,4,13,3,11.979166666666666
53447,Jaelan Phillips,OLB,152,1.0007588230191018,1.0024065967453153,-0.0016477737262134483,Jaelan Phillips,ED,MIA,4,11,2,6.25
53450,Kwity Paye,DE,93,0.9197454308492459,1.0109157305891796,-0.09117029973993371,Kwity Paye,ED,IND,0,6,0,3.225806451612903
53457,Payton Turner,DE,77,1.2025195260668737,1.1103191329287243,0.09220039313814946,Payton Turner,ED,NO,2,4,1,5.194805194805195
53459,Gregory Rousseau,DE,78,0.908647031178858,0.9961246007528061,-0.08747756957394792,Greg Rousseau,ED,BUF,2,10,2,10.256410256410257
53460,Odafe Oweh,OLB,152,1.0403132611688741,1.0352467533789182,0.005066507789955828,Odafe Oweh,ED,BLT,4,12,3,7.2368421052631575
53461,Joe Tryon,OLB,94,0.9097678545039806,0.9084001210458735,0.0013677334581070851,Joe Tryon-Shoyinka,ED,TB,2,5,2,5.851063829787234
53467,Christian Barmore,DT,165,1.6124861900217753,1.4562147263324623,0.1562714636893132,Christian Barmore,DI,NE,3,14,1,5.757575757575758
53479,Azeez Ojulari,OLB,145,0.9599705452829741,1.0039270413332972,-0.043956496050322987,Azeez Ojulari,ED,NYG,2,10,5,7.586206896551724
53504,Osa Odighizuwa,DT,154,1.425084496571935,1.3858967109934075,0.03918778557852717,Osa Odighizuwa,DI,DAL,3,15,3,7.792207792207792
53540,Cameron Sample,DE,114,1.146651540506322,1.14217549614739,0.0044760443589318966,Cam Sample,ED,CIN,1,9,1,5.2631578947368425
53624,Roy Lopez,DT,75,1.4205202307984512,1.4477016131083171,-0.027181382309865765,Roy Lopez,DI,HST,1,2,0,2.0
