nflId,rusher_name,officialPosition,num_plays,actual_attention,expected_attention,gravity_score
46354,Emmanuel Moseley,CB,2,1.3083333333333333,0.3585553914308548,0.9497779419024784
52476,Ashtyn Davis,SS,2,1.1134615384615385,0.495291993021965,0.6181695454395734
45203,Tashawn Bower,DE,2,1.5,0.9569105207920074,0.5430894792079926
46786,Bunmi Rotimi,DE,1,1.5263157894736843,0.9906597137451172,0.5356560757285671
48520,Anthony Rush,DT,2,1.7115384615384617,1.2177202701568604,0.4938181913816012
46304,Zaire Franklin,OLB,2,1.0521978021978022,0.575866088271141,0.4763317139266611
38569,Janoris Jenkins,CB,1,0.6923076923076923,0.2223004400730133,0.470007252234679
42386,Benardrick McKinney,ILB,2,1.1153846153846154,0.6734719574451447,0.44191265793947077
48447,P.J. Locke,FS,1,1.125,0.6855060458183289,0.43949395418167114
44925,Eddie Jackson,SS,1,1.5263157894736843,1.1086546182632446,0.41766117121043966
48554,Andrew Dowell,OLB,1,1.565217391304348,1.1502004861831665,0.4150169051211814
45008,Tanner Vallejo,ILB,2,1.189102564102564,0.8034769296646118,0.3856256344379523
53437,Jaycee Horn,CB,1,0.6111111111111112,0.23101398348808289,0.3800971276230283
45045,Elijah Lee,OLB,1,1.1538461538461535,0.7878552079200745,0.36599094592607906
43712,Sharrod Neasman,CB,1,0.6153846153846154,0.2564854025840759,0.3588992128005395
46313,Justin Lawler,OLB,3,1.0609737484737485,0.7245778242746989,0.33639592419904973
52493,Julian Blackmon,FS,2,0.6842105263157895,0.3496805876493454,0.3345299386664441
53991,Forrest Merrill,DT,2,1.618881118881119,1.3045529127120972,0.3143282061690218
52444,Xavier McKinney,FS,1,0.5217391304347826,0.20884957909584045,0.31288955133894214
46187,Anthony Averett,CB,1,0.8076923076923077,0.497931569814682,0.3097607378776257
53438,Patrick Surtain,CB,1,0.6666666666666666,0.37346234917640686,0.29320431749025977
43411,Andrew Billings,DT,24,1.7387922385660135,1.446514293551445,0.29227794501456866
46151,Tracy Walker,FS,7,0.7102435576119788,0.41799163818359375,0.2922519194283849
46162,Ronnie Harrison,SS,4,0.7701923076923077,0.4798046499490738,0.29038765774323394
52438,Noah Igbinoghene,CB,1,0.56,0.27041083574295044,0.2895891642570496
48462,Kevin Strong,DE,14,1.7514141964414063,1.4675961221967424,0.28381807424466393
53445,Zaven Collins,ILB,11,1.318578918501519,1.035214814272794,0.28336410422872527
46088,Leighton Vander Esch,OLB,7,1.2294919992288413,0.9463238971573966,0.28316810207144466
53618,Marlon Tuipulotu,DT,13,1.739999359614744,1.4700851898926954,0.26991416972204874
53469,Richie Grant,SS,2,0.5961538461538461,0.3300659954547882,0.26608785069905794
48565,Chris Westry,CB,1,0.5384615384615384,0.2749951481819153,0.26346639027962315
40463,Brandon Copeland,OLB,14,1.2531291747468216,0.9905463286808559,0.2625828460659659
52626,Carter Coughlin,ILB,17,1.2487127231288626,0.9888715147972107,0.25984120833165186
46757,Charvarius Ward,CB,1,0.5769230769230769,0.3389514088630676,0.23797166806000924
43407,Juston Burris,SS,5,0.6773076923076923,0.44123682379722595,0.23607086851046635
41239,Aaron Donald,DT,229,1.590982047537108,1.3620932086586433,0.22888883887846478
44851,Marcus Maye,FS,5,0.617257139145684,0.3914445161819458,0.2258126229637382
44840,Taco Charlton,DE,4,1.2167207792207793,0.9979317635297775,0.2187890156910017
52482,Zack Baun,OLB,7,0.9684405230623717,0.7501125846590314,0.2183279384033403
46672,Tavierre Thomas,CB,5,0.5288447204968945,0.3140776574611664,0.21476706303572804
46221,Dane Cruikshank,SS,5,0.6575128205128206,0.4439074397087097,0.21360538080411082
41348,Anthony Hitchens,ILB,8,0.5861534299034299,0.3777017891407013,0.2084516407627286
42116,Adrian Phillips,SS,8,0.9777870046620047,0.7711126357316971,0.20667436893030766
41358,Dontae Johnson,CB,3,0.5209790209790209,0.3163481056690216,0.2046309153099994
46772,Trent Harris,OLB,3,1.1802232854864434,0.9789462884267172,0.20127699705972626
52863,Krys Barnes,ILB,5,0.7558974358974359,0.5562112033367157,0.19968623256072018
43797,Cory Littleton,OLB,3,0.8461538461538461,0.6465276579062144,0.1996261882476318
44964,Desmond King,CB,3,0.6078431372549019,0.40914052724838257,0.19870261000651937
53564,Rashad Weaver,OLB,3,1.057925407925408,0.8682356476783752,0.18968976024703266
47948,Joe Jackson,DE,40,1.1357111056989404,0.9465433925390243,0.18916771315991618
42935,Bryce Callahan,CB,4,0.49038461538461536,0.3024369329214096,0.18794768246320576
37724,Chris Harris,CB,5,0.4674242424242424,0.28544095158576965,0.18198329083847276
38868,Tashaun Gipson,FS,1,0.5769230769230769,0.3982587456703186,0.17866433125275827
37100,Jimmy Smith,CB,2,0.5,0.3215745538473129,0.17842544615268707
53546,Bobby Brown,NT,8,1.5994123931623931,1.4263189285993576,0.17309346456303557
52518,Darnay Holmes,CB,4,0.5629578754578755,0.39309196174144745,0.169865913716428
47829,Greedy Williams,CB,1,0.4230769230769231,0.2609931230545044,0.16208380002241868
46073,Denzel Ward,CB,2,0.4807692307692307,0.3236841410398483,0.15708508972938243
53467,Christian Barmore,DT,165,1.6124861900217753,1.4562147263324623,0.1562714636893132
53315,Aaron Patrick,OLB,1,1.0,0.8438485264778137,0.15615147352218628
48026,Nick Scott,SS,1,0.25,0.0947592705488205,0.1552407294511795
42376,Landon Collins,SS,9,0.5080057210155473,0.3541457835170958,0.1538599374984516
42395,Jordan Phillips,DE,31,1.5524956131739052,1.4010568088100803,0.15143880436382504
47823,Trayvon Mullen,CB,1,0.7692307692307693,0.6189979910850525,0.15023277814571678
52455,Marlon Davidson,DT,50,1.5760651664409235,1.4286396789550782,0.1474254874858455
52586,Justin Strnad,ILB,22,0.7469562889783401,0.6005132936618545,0.14644299531648566
47855,Germaine Pratt,OLB,7,0.7572254214130645,0.6124672080789294,0.14475821333413505
46165,Harrison Phillips,DT,34,1.5737653906569642,1.4319954304134144,0.14176996024354976
46269,Foyesade Oluokun,ILB,30,0.9290281343345685,0.7935211608807246,0.135506973453844
47888,Chauncey Gardner-Johnson,SS,14,0.5912334766682593,0.45598332796777996,0.1352501487004793
42368,Shaq Thompson,OLB,21,1.0317490636263111,0.8969573052156539,0.13479175841065721
37308,Lawrence Guy,DT,61,1.594103431424348,1.4629733425671938,0.13113008885715444
43392,Sheldon Day,DT,4,1.5861111111111112,1.456466794013977,0.1296443170971341
53688,Grant Stuard,ILB,1,0.6538461538461539,0.5243058204650879,0.12954033338106596
53600,Daelin Hayes,OLB,3,1.1275303643724695,0.9990608294804891,0.12846953489198046
37097,Cameron Jordan,DE,197,1.1219999459178662,0.9939663431366083,0.12803360278125805
53675,Shaka Toney,DE,4,1.1161494755244756,0.9883583635091782,0.12779111201529741
42816,Troy Hill,CB,11,0.44110089257148083,0.31469550051472406,0.12640539205675674
53534,Baron Browning,ILB,12,0.7854534941920526,0.6602671345074972,0.12518635968455538
44202,Tevaughn Campbell,CB,2,0.41666666666666663,0.29266323149204254,0.12400343517462412
52830,Eric Banks,DT,12,1.4638019634304464,1.3406014740467072,0.12320048938373925
53602,Tedarrell Slaton,DT,20,1.5142665055532702,1.394915133714676,0.11935137183859437
52570,Khaleke Hudson,MLB,1,0.625,0.5063842535018921,0.11861574649810791
44888,Alex Anzalone,ILB,27,0.7972691999452742,0.6809422395847462,0.11632696036052799
43441,Matt Ioannidis,DT,122,1.522077158486616,1.4073330242125714,0.11474413427404467
46504,Daniel Ekuale,DT,25,1.6341770235866346,1.5195922899246215,0.11458473366201297
38544,Michael Brockers,DE,108,1.5087404944748257,1.3963281280464597,0.11241236642836615
52759,Chris Williams,DT,12,1.5723830456609094,1.4600038429101307,0.1123792027507786
45004,Xavier Woods,FS,2,0.6160714285714286,0.5050598978996277,0.11101153067180086
35442,Gerald McCoy,DT,4,1.6308653846153847,1.519861251115799,0.11100413349958566
41947,Christian Jones,ILB,3,1.0414102564102563,0.9306802948315939,0.11072996157866259
47892,Khari Willis,SS,9,0.5762566137566137,0.4674526982837253,0.10880391547288844
47785,Nick Bosa,DE,138,1.0591465495503944,0.9528168236863785,0.10632972586401576
44813,Myles Garrett,DE,170,1.084141072967443,0.9780040179981905,0.10613705496925252
46083,Marcus Davenport,DE,49,1.0797983904503035,0.9742950918723126,0.10550329857799082
42901,Dean Marlowe,SS,4,0.7601190476190477,0.6591407656669617,0.100978281952086
42427,Jordan Hicks,ILB,35,0.8174933812243006,0.7184341558388301,0.09905922538547046
43522,Jalen Mills,CB,1,0.4,0.3017529249191284,0.0982470750808716
53573,Joshua Kaindoh,DE,17,1.2142154027602943,1.116495735505048,0.09771966725524642
42480,Grady Jarrett,DT,159,1.541058868638903,1.4465037059484038,0.09455516269049921
40253,Lerentee McCray,DE,4,0.7102842809364549,0.6159703060984612,0.0943139748379937
49410,Jalen Thompson,FS,2,0.3541666666666667,0.2609502896666527,0.093216377000014
46796,Demone Harris,DE,7,1.1483516483516483,1.0557429790496826,0.09260866930196572
53457,Payton Turner,DE,77,1.2025195260668737,1.1103191329287243,0.09220039313814946
43352,Adam Gotsis,DE,74,1.496505367706909,1.4044041118106327,0.09210125589627631
46183,Da'Shawn Hand,DE,4,1.4967948717948718,1.4051768779754639,0.091617993819408
39959,Sheldon Richardson,DT,109,1.5215539875621462,1.4309480441819638,0.09060594338018242
47975,Isaiah Buggs,DE,48,1.5098447934361248,1.4192609017093976,0.09058389172672705
48034,Dakota Allen,OLB,2,0.9090909090909092,0.8200423419475555,0.08904856714335357
43516,Stephen Weatherly,OLB,40,1.1057115022658501,1.016664545238018,0.08904695702783202
44838,Takkarist McKinley,DE,103,0.9814350347124067,0.892634391784668,0.08880064292773882
53501,Alim McNeill,NT,46,1.509753667628857,1.4209640052007593,0.08878966242809788
52471,Willie Gay,OLB,9,0.8419210419210419,0.7560503284136454,0.08587071350739645
46843,Sharif Finch,OLB,2,1.026315789473684,0.9405117332935333,0.08580405618015086
48476,Nik Needham,CB,7,0.4002625152625153,0.31464781292847227,0.085614702334043
46156,Arden Key,DE,54,1.1322909670047576,1.0475914202354573,0.08469954676930032
52527,Mykal Walker,ILB,3,1.0885780885780887,1.0039400657018025,0.08463802287628604
44833,Jarrad Davis,MLB,1,1.0,0.9158927798271179,0.08410722017288208
33131,Calais Campbell,DE,169,1.492735729554866,1.4089234520697735,0.08381227748509243
43641,Mike Hilton,CB,17,0.4393425198513366,0.35694603446651907,0.08239648538481756
44938,Samson Ebukam,DE,79,1.174085507501819,1.0919352037997185,0.0821503037021005
44955,Carlos Watkins,DE,67,1.4964580380049104,1.4161297545504214,0.08032828345448917
34465,Malcolm Jenkins,SS,24,0.617856670772356,0.5376468865821759,0.08020978419018006
44926,Rayshawn Jenkins,SS,10,0.5741447368421053,0.4942101240158081,0.07993461282629716
52602,Khalil Davis,DT,2,1.4841269841269842,1.4047290086746216,0.07939797545236249
53532,Ernest Jones,ILB,8,0.7775106837606838,0.6985609419643879,0.07894974179629587
47900,Austin Bryant,OLB,43,1.0851251391821817,1.0064069600992425,0.07871817908293907
52538,James Lynch,NT,16,1.4637307310744812,1.3869696259498596,0.07676110512462146
48117,Demetrius Flannigan-Fowles,MLB,3,0.7371794871794872,0.6634646952152252,0.073714791964262
41257,Bradley Roby,CB,4,0.3676470588235294,0.2944822311401367,0.07316482768339268
37084,J.J. Watt,DE,167,1.4477949692127925,1.3755978802720943,0.07219708894069812
42559,Christian Covington,NT,109,1.4587249674958085,1.3869545405064154,0.07177042698939314
52805,Joe Gaziano,DE,24,1.4096176423354543,1.3393001159032185,0.07031752643223564
40825,Benson Mayowa,OLB,55,0.9803094098802073,0.9102400888096203,0.07006932107058714
42433,Carl Davis,NT,46,1.5042169404793915,1.4356893611990886,0.06852757928030297
46086,Derwin James,FS,8,0.6880099067599068,0.6194849535822868,0.06852495317761993
46249,Folorunso Fatukasi,DT,102,1.5433501129147857,1.474946145917855,0.06840396699693087
43343,Mackensie Alexander,CB,7,0.4620686331212647,0.39406247224126545,0.06800616087999926
45395,Arthur Maulet,CB,7,0.4436579760109172,0.3770443946123123,0.06661358139860486
43332,Austin Johnson,NT,108,1.5423447627428368,1.4757690849127594,0.06657567783007744
41256,Jimmie Ward,FS,5,0.4623376623376624,0.39584335684776306,0.06649430548989928
41403,Devon Kennard,OLB,40,1.0481013538825408,0.9819133132696152,0.06618804061292559
44937,Jalen Reeves-Maybin,OLB,6,0.8310502363133941,0.7656532401839892,0.06539699612940497
43062,Nick Dzubnar,ILB,5,1.0141970310391364,0.9488960981369019,0.06530093290223445
38551,Chandler Jones,OLB,146,1.0228670964810944,0.9575916036759338,0.06527549280516065
46117,Uchenna Nwosu,OLB,112,0.8831384654537645,0.8179158440658024,0.06522262138796213
39960,Star Lotulelei,DT,82,1.5297659014299758,1.4650968662122401,0.06466903521773575
52487,Jabari Zuniga,DE,10,0.9970575817371483,0.9323941767215729,0.06466340501557541
43638,Justin Zimmer,DT,86,1.5114010007756624,1.4467958087144897,0.06460519206117268
46250,Kylie Fitts,OLB,12,1.1620018497727476,1.098406011859576,0.06359583791317167
43335,A'Shawn Robinson,DT,57,1.4202605541047173,1.356702286946146,0.06355826715857137
42365,Bud Dupree,OLB,111,0.9987811198344245,0.9357288291862419,0.06305229064818255
43373,Kendall Fuller,CB,5,0.34587605744638994,0.2833046555519104,0.06257140189447953
52539,Rashard Lawrence,NT,37,1.4746312812472457,1.4122024291270487,0.06242885212019692
53668,Jonathon Cooper,OLB,72,0.915799329283311,0.8536421064701345,0.062157222813176455
47891,Julian Love,SS,8,0.4040750915750916,0.34199163131415844,0.062083460260933115
47933,Kingsley Keke,DE,124,1.4136980307417815,1.3525397849659766,0.06115824577580488
53053,Bryce Huff,DE,119,0.984408110293622,0.9237253460563531,0.060682764237268844
52453,Antoine Winfield,FS,9,0.5266180128880358,0.4672098010778427,0.059408211810193054
52522,Leki Fotu,DT,55,1.482962295525653,1.4238696856932207,0.05909260983243225
52542,Jaylinn Hawkins,FS,1,0.2692307692307692,0.2108142077922821,0.05841656143848711
42375,Malcom Brown,DT,90,1.4664906876338093,1.4089432160059612,0.05754747162784808
38588,Lavonte David,ILB,32,0.8604464232391948,0.8029711982235312,0.05747522501566357
46077,Roquan Smith,ILB,26,0.6167382092190277,0.559509857915915,0.05722835130311267
47944,Charles Omenihu,DE,85,1.1838365590360396,1.1276780254700605,0.056158533565979156
47832,Ben Banogu,DE,34,0.9670688865020698,0.9113382889943964,0.055730597507673243
43301,Sheldon Rankins,DT,135,1.408718410299788,1.3530113348254451,0.05570707547434297
46255,Jacob Martin,DE,111,1.0570075647168795,1.00146317320901,0.055544391507869634
43330,Reggie Ragland,ILB,12,0.5371540496540497,0.48172670354445773,0.055427346109591887
43409,David Onyemata,DT,12,1.6048970678014796,1.549915224313736,0.05498184348774363
40030,John Jenkins,NT,42,1.5070183863214555,1.452588799453917,0.05442958686753838
47973,Armon Watts,NT,73,1.456730105987519,1.4026039634665397,0.05412614252097931
46138,B.J. Hill,DT,118,1.5175682934105064,1.4638002636068959,0.05376802980361063
46122,M.J. Stewart,SS,3,0.5734225195094761,0.5197635690371195,0.05365895047235647
52472,Jeremy Chinn,FS,20,0.7471001586133165,0.6937419168651104,0.053358241748206095
43308,Shaq Lawson,DE,108,1.029570446358129,0.9780536382286636,0.05151680812946532
43292,Joey Bosa,OLB,159,0.9688538489760626,0.9173668056913892,0.051487043284673364
46711,Ryan Neal,SS,3,0.8910256410256411,0.8401041428248087,0.050921498200832326
48247,Tim Ward,DE,36,1.0450474129712586,0.9941744721598096,0.05087294081144917
48145,Wyatt Ray,DE,56,1.057281801353838,1.006538254874093,0.05074354647974487
52478,Brandon Jones,SS,30,0.6715183643674691,0.6208553304274876,0.050663033939981506
46657,Dennis Gardeck,OLB,30,1.0418384083237024,0.9914569795131684,0.0503814288105341
44968,Jayon Brown,ILB,6,0.7958647711937186,0.7455079605182012,0.050356810675517394
35493,Carlos Dunlap,OLB,141,1.0144632240192624,0.9641795462750374,0.05028367774422492
45042,Adrian Colbert,FS,3,0.8470268542199489,0.7981511155764262,0.04887573864352268
40074,William Gholston,DE,96,1.4275439261997114,1.378708465024829,0.048835461174882466
42378,Mario Edwards,DT,56,1.5086249318674732,1.460127211042813,0.04849772082466026
47940,Blake Cashman,ILB,1,1.0909090909090908,1.0424854755401611,0.048423615368929696
42488,Bobby McCain,CB,1,0.5,0.45184335112571716,0.04815664887428284
53529,Elijah Molden,CB,11,0.34170358626880365,0.29464485022154724,0.04705873604725644
53583,Michael Carter,CB,15,0.3457831642042168,0.3006232142448425,0.0451599499593743
40095,Steven Means,OLB,121,1.0389091819812448,0.9939488384349286,0.04496034354631618
44886,Chris Wormley,DE,144,1.422407930783946,1.378295410838392,0.04411251994555391
53542,Derrick Barnes,ILB,2,0.24581939799331098,0.20240497589111328,0.04341442210219772
41363,Brent Urban,DE,66,1.4548029176383048,1.4124559687845635,0.04234694885374128
46775,J.C. Jackson,CB,2,0.36740890688259104,0.325398325920105,0.042010580962486055
38619,Akiem Hicks,DT,85,1.4741900579855851,1.43217972166398,0.04201033632160515
43455,D.J. Reader,NT,132,1.488514869087418,1.446521607312289,0.04199326177512885
53470,Levi Onwuzurike,DE,40,1.4783777082695426,1.4366661339998246,0.04171157426971813
40347,Mike Purcell,NT,55,1.3952780994572376,1.3542063355445861,0.04107176391265155
47800,Dexter Lawrence,DE,148,1.4917694477704238,1.4517702838859043,0.03999916388451941
43296,DeForest Buckner,DT,183,1.4720956823867548,1.4322662571740281,0.03982942521272674
48663,Amani Bledsoe,DE,22,1.3183048012593466,1.2789584669199856,0.03934633433936101
53504,Osa Odighizuwa,DT,154,1.425084496571935,1.3858967109934075,0.03918778557852717
41249,Dee Ford,DE,75,0.8978323659399983,0.8588943016529084,0.03893806428708985
52511,Davion Taylor,OLB,1,0.6,0.5615185499191284,0.03848145008087156
45274,Adam Butler,DE,170,1.433839413047281,1.3955745150061214,0.038264898041159394
35466,Devin McCourty,FS,3,0.44871794871794873,0.4106691877047221,0.03804876101322663
43986,Antonio Hamilton,CB,5,0.3538461538461538,0.3158718377351761,0.03797431611097775
44892,Tarell Basham,DE,118,1.0158157288324368,0.9792895109976752,0.036526217834761496
41279,Jeremiah Attaochu,OLB,49,0.9611539240407836,0.9247897893798595,0.03636413466092415
52464,Raekwon Davis,NT,44,1.4182079547822597,1.3823517940261147,0.03585616075614501
43316,Kenny Clark,NT,211,1.4735061486281948,1.4384325528031843,0.03507359582501081
42443,Angelo Blackson,DT,95,1.4486091291833723,1.4141904052935148,0.034418723889857526
43787,Roy Robertson-Harris,DT,60,1.4394022143738963,1.4050515651702882,0.03435064920360822
37317,Malcolm Smith,MLB,7,0.8956659586911687,0.8615832371371133,0.034082721554055444
43372,Jordan Jenkins,DE,63,1.0467230190364434,1.0126689511632163,0.034054067873227
53674,Tre Norwood,FS,5,0.4382575757575758,0.40698873400688174,0.03126884175069403
52422,Javon Kinlaw,DT,59,1.4215248961160825,1.3904745518150976,0.031050344300984897
43436,Quinton Jefferson,DT,144,1.4764959306264285,1.4455192635456722,0.030976667080756397
43791,Morgan Fox,DE,116,1.382518780837027,1.3525464375471246,0.029972343289902233
40039,Duron Harmon,SS,5,0.38767431399010344,0.35794322192668915,0.02973109206341431
48027,Kaden Elliss,OLB,20,0.959509272590155,0.9302481055259705,0.029261167064184496
47864,Will Harris,SS,6,0.3525641025641026,0.3234335978825887,0.02913050468151383
44871,Tanoh Kpassagnon,DE,100,1.3086217813729322,1.279507530927658,0.02911425044527419
41464,Shelby Harris,DE,143,1.429908669179364,1.4017367237931364,0.028171945386227668
44837,Jabrill Peppers,SS,16,0.5704288178608831,0.5426703356206417,0.027758482240241352
43387,Justin Simmons,FS,4,0.4496336996336996,0.42240219935774803,0.027231500275951587
35452,Brandon Graham,DE,23,1.156448493128133,1.1296832665153171,0.026765226612815687
52431,Kenneth Murray,ILB,6,0.9814152840623428,0.9547833700974783,0.02663191396486464
52435,Jordyn Brooks,OLB,19,0.7196697276788809,0.6932144635602048,0.026455264118676224
43533,Jayron Kearse,FS,18,0.8131220014553349,0.7867597134576904,0.026362287997644458
37112,Jabaal Sheard,DE,6,1.1391737891737892,1.1128527224063873,0.026321066767401886
38556,Whitney Mercilus,DE,110,1.0007289450913424,0.9745217404582284,0.02620720463311408
44842,T.J. Watt,OLB,141,0.8672527781317659,0.8411036201402651,0.026149157991500825
44815,Solomon Thomas,DT,112,1.4841297554043995,1.4583926594683103,0.025737095936089176
52932,Ladarius Hamilton,OLB,18,0.8878410592961676,0.862283319234848,0.02555774006131963
53930,Andre Mintze,OLB,14,0.9045912420912421,0.8792716647897448,0.025319577301497285
38548,Melvin Ingram,OLB,114,1.0048222356540841,0.979557014871062,0.025265220783022284
42444,Trey Flowers,OLB,84,1.1332781937001044,1.1089952165881793,0.024282977111925192
46416,Jacob Tuioti-Mariner,OLB,27,0.8951002685383341,0.8708349444248058,0.02426532411352828
43333,Jihad Ward,OLB,84,1.3358507156914459,1.3120453031290145,0.02380541256243152
42560,Rakeem Nunez-Roches,DT,81,1.464338005200005,1.440732342225534,0.02360566297447102
42030,K'Waun Williams,CB,8,0.3600231433326399,0.33667164389044046,0.023351499442199428
37089,Ryan Kerrigan,DE,75,1.0760808509568234,1.0533882427215575,0.022692608235265883
37229,Richard Sherman,CB,4,0.4159919028340081,0.3933524712920189,0.02263943154198919
52835,Michael Hoecht,DT,56,1.325558263530538,1.3037071515406882,0.021851111989849854
53605,K.J. Britt,ILB,1,0.2857142857142857,0.26400065422058105,0.021713631493704644
47854,Dre'Mont Jones,DE,178,1.4297958031719533,1.408321580190337,0.02147422298161612
47809,Montez Sweat,DE,186,0.9695479458327864,0.9485376922674077,0.02101025356537876
42553,Christian Ringo,DT,57,1.4712820210780195,1.4507366690719337,0.020545352006086027
46487,Poona Ford,NT,142,1.435188629958574,1.415509516084698,0.019679113873876285
37145,Justin Houston,OLB,120,0.9427829294744929,0.9239662572741508,0.018816672200342093
47890,Anthony Nelson,OLB,38,0.9699659624050879,0.9518723283943377,0.018093634010750172
52587,Bradlee Anae,DE,22,0.9532096031793776,0.9357430176301436,0.017466585549234068
46188,Kyzir White,ILB,17,0.6459906270200387,0.6290167359744802,0.01697389104555866
47846,Juan Thornhill,FS,3,0.5833333333333334,0.5671282410621643,0.016205092271169026
46457,Olasunkanmi Adeniyi,OLB,75,0.9826774589563928,0.9665893348058064,0.016088124150586403
53910,Sam Kamara,OLB,16,0.9391110169070696,0.9233227670192719,0.015788249887797708
43356,Maliek Collins,DT,116,1.4328852002674475,1.4173408222609554,0.015544378006492346
41722,Josh Mauro,DE,10,1.272640056022409,1.2571178257465363,0.015522230275872717
46098,Taven Bryan,DT,32,1.3900413995726495,1.3746654111891985,0.015375988383451049
44829,Jonathan Allen,DT,186,1.444781536043374,1.4294162238797834,0.015365312163590536
46185,Dorance Armstrong,DE,50,1.180478633750151,1.1654061472415924,0.015072486508558351
43325,Myles Jack,MLB,23,0.7742215045166317,0.7594319964232652,0.014789508093366507
53487,Nick Bolton,ILB,18,0.50263615809001,0.48808979491392773,0.01454636317608239
52578,Broderick Washington,DT,29,1.3441682838234563,1.3296650565903763,0.014503227233080031
41231,Khalil Mack,OLB,124,0.9252914807392274,0.9107898915967634,0.014501589142464104
41919,Zach Kerr,DT,14,1.4478753503929938,1.4334375177110945,0.014437832681899172
46527,Frankie Luvu,OLB,34,0.9359022291125119,0.9219260829336503,0.013976146178861627
53621,Quinton Bohanna,DT,34,1.4204936017294976,1.4069030249820036,0.013590576747494029
44818,Jamal Adams,SS,25,0.4960627306586117,0.48262542694807054,0.013437303710541127
40000,Jamie Collins,OLB,9,0.9632210907153698,0.9499195648564233,0.013301525858946586
42403,Randy Gregory,DE,129,1.0020033864165518,0.9891330493513004,0.012870337065251598
43377,Kyler Fackrell,OLB,69,0.8303786717858042,0.8177191969277202,0.012659474858084017
44826,Derek Barnett,DE,141,0.9464978790531469,0.9339963332981083,0.012501545755038687
35562,Al Woods,DT,109,1.4467212690919873,1.4342499927643242,0.012471276327662895
46205,Marquis Haynes,DE,28,0.9496852124937283,0.9374671684844154,0.012218044009313025
44893,Fabian Moreau,CB,1,0.1538461538461538,0.1418326199054718,0.012013533940681997
52468,Josh Uche,OLB,94,0.8951312667077975,0.8836870025447074,0.011444264163090159
42406,Frank Clark,DE,92,0.9921364322993588,0.9807855111101399,0.011350921189218795
46081,Vita Vea,NT,165,1.4137687149236788,1.4028649965922038,0.010903718331475125
46902,Robert Spillane,OLB,5,0.6945454545454546,0.6838406383991241,0.010704816146330409
44867,Dalvin Tomlinson,DT,103,1.4194324896254913,1.4092710180190002,0.010161471606491172
52792,Tershawn Wharton,DT,95,1.4027561117028282,1.3930139936898884,0.009742118012939931
41227,Jadeveon Clowney,DE,137,1.0350535878896303,1.0258398878313328,0.009213700058297507
52797,Joe Bachie,OLB,1,0.125,0.11602894961833954,0.008971050381660461
52555,Khalid Kareem,DE,5,1.1065827505827506,1.0977769851684571,0.008805765414293542
53481,Jeremiah Owusu-Koramoah,OLB,15,0.730259121384441,0.7214749058087667,0.008784215575674378
47848,Zach Allen,DE,105,1.3295746522353162,1.3210089439437502,0.008565708291565754
48508,Andrew Wingard,FS,4,0.43333333333333335,0.4247994236648083,0.008533909668525061
37075,Von Miller,OLB,145,0.8525799393603294,0.8440943528865946,0.00848558647373477
39997,Johnathan Hankins,NT,104,1.476848516590756,1.468617870257451,0.00823064633330495
52410,Chase Young,DE,217,0.9792980047537306,0.9722635394417196,0.007034465312011048
44974,Anthony Walker,MLB,6,0.614486341545165,0.6074833770593008,0.007002964485864312
52456,Darrell Taylor,DE,103,0.8800447581665507,0.8730513792014817,0.006993378965068984
47844,Taylor Rapp,FS,10,0.5133573044602457,0.506640087068081,0.006717217392164743
47934,Andrew Van Ginkel,OLB,83,0.907898700590638,0.9022669400795397,0.005631760511098434
43338,Jarran Reed,DT,137,1.443152867870273,1.4375618278545186,0.005591040015754445
44834,Charles Harris,OLB,122,0.9869974591217687,0.9816014190189174,0.005396040102851311
53460,Odafe Oweh,OLB,152,1.0403132611688741,1.0352467533789182,0.005066507789955828
53978,Austin Faoliu,DT,10,1.4432685640065503,1.4383243560791015,0.0049442079274487185
52582,Larrell Murchison,DT,50,1.3915850791638178,1.3867574167251586,0.004827662438659182
47787,Clelin Ferrell,DE,44,1.0425111213120197,1.0376976240764966,0.004813497235523361
53540,Cameron Sample,DE,114,1.146651540506322,1.14217549614739,0.0044760443589318966
52650,Jonathan Garvin,OLB,89,0.9238559966260966,0.9196572189920404,0.004198777634056244
46618,Taylor Stallworth,DT,32,1.4575484336014228,1.453421227633953,0.004127205967469641
52462,A.J. Epenesa,DE,78,1.0152028333268432,1.0112577959513054,0.003945037375537912
44915,Trey Hendrickson,DE,178,1.0532271938916355,1.0497301562448567,0.003497037646779044
47816,Byron Murphy,CB,12,0.359123600857347,0.35609170794487,0.003031892912476982
47792,Ed Oliver,DT,115,1.4470148153579476,1.4444624175196108,0.00255239783833689
47799,Brian Burns,DE,159,0.8983646864661223,0.8960504528111631,0.002314233654959018
53461,Joe Tryon,OLB,94,0.9097678545039806,0.9084001210458735,0.0013677334581070851
44859,Tyus Bowser,OLB,92,0.9057986607660915,0.9044700941961744,0.001328566569917118
43326,Chris Jones,DT,122,1.2358888703315947,1.2346117076326588,0.001277162698935872
35539,Everson Griffen,DE,147,1.061462821871665,1.0603111597145496,0.00115166215711546
53577,Ta'Quon Graham,DE,40,1.4488513161674925,1.447772565484047,0.0010787506834456784
43303,Karl Joseph,SS,1,0.3333333333333333,0.3323361277580261,0.0009972055753071918
53073,Teair Tart,DT,69,1.4787225453370467,1.4784422732781672,0.00028027205887937813
46680,Sean Chandler,SS,4,0.41866028708133973,0.41892286017537117,-0.0002625730940314652
53490,Carlos Basham,DE,25,1.0960569517439083,1.0973907828330993,-0.0013338310891910998
53447,Jaelan Phillips,OLB,152,1.0007588230191018,1.0024065967453153,-0.0016477737262134483
47804,Darnell Savage,SS,1,0.2857142857142857,0.2874504029750824,-0.001736117260796699
53639,Victor Dimukeje,OLB,6,0.9356837606837608,0.9374286631743113,-0.0017449024905506298
52563,Trevis Gipson,OLB,64,0.9678974666177793,0.9697846574708819,-0.0018871908531026098
34777,Steve McLendon,NT,43,1.4694640300202881,1.4715014862459759,-0.0020374562256877675
53441,Micah Parsons,OLB,96,1.0018555252776504,1.0040372187892597,-0.002181693511609028
43318,Robert Nkemdiche,DT,55,1.3987078661286312,1.4009457490660928,-0.002237882937461564
52446,Yetur Gross-Matos,DE,42,1.315635839267048,1.318105930373782,-0.0024700911067341686
47860,Chase Winovich,DE,39,0.890409029840468,0.892949423728845,-0.002540393888377095
44847,Malik McDowell,DT,128,1.441768712204478,1.4444554559886456,-0.002686743784167476
46199,Josh Sweat,DE,147,1.0074317718889805,1.0104889480435117,-0.0030571761545314224
37240,Pernell McPhee,OLB,72,1.099718696566172,1.103238964246379,-0.0035202676802068874
46141,Nathan Shepherd,DT,63,1.4271348472113972,1.4306768746603102,-0.0035420274489130115
37087,Robert Quinn,OLB,125,0.9605282044522535,0.9642498178482055,-0.0037216133959521135
35485,Linval Joseph,NT,100,1.429979782471309,1.4339855682849885,-0.0040057858136795
47811,Jerry Tillery,DT,172,1.3477416616251052,1.351750816023627,-0.004009154398521865
52479,Justin Madubuike,DT,75,1.411024530399978,1.4151061010360717,-0.004081570636093813
44905,Montravius Adams,DE,42,1.4769693004793625,1.4811842129344033,-0.004214912455040766
52510,Alex Highsmith,OLB,125,0.8770952521085352,0.8817826247215271,-0.004687372612991926
52498,Jonathan Greenard,DE,71,1.0096463792954753,1.01590367438088,-0.0062572950854047705
47790,Josh Allen,OLB,139,0.9604920972755658,0.966887565825483,-0.006395468549917007
37104,Cameron Heyward,DT,184,1.3826460721816358,1.389250655213128,-0.006604583031492301
46216,Micah Kiser,ILB,2,0.47649572649572647,0.4836474657058716,-0.007151739210145128
46229,Ogbonnia Okoronkwo,OLB,63,0.8696970384863871,0.8769752946164873,-0.007278256130100129
48537,Carl Granderson,DE,85,1.0132471473365663,1.0205806325463687,-0.007333485209802371
52979,Chauncey Rivers,OLB,24,0.8507716067758637,0.8582497636477152,-0.007478156871851512
43298,Leonard Floyd,OLB,175,0.8231269888864796,0.830618222611291,-0.007491233724811378
47867,Khalen Saunders,DT,48,1.4077488387661778,1.415504182378451,-0.007755343612273123
43341,Deion Jones,ILB,27,0.635100043035723,0.6429409484068552,-0.007840905371132245
41387,Caraun Reid,DT,5,1.283982683982684,1.2935168504714967,-0.009534166488812622
35454,Jason Pierre-Paul,DE,155,1.0231554048484648,1.0328279533693867,-0.009672548520922001
53999,Jack Heflin,DT,2,1.531111111111111,1.541183888912201,-0.010072777801089727
38542,Fletcher Cox,DT,156,1.4311300716977406,1.4416067516192412,-0.010476679921500684
35522,Corey Peters,DT,31,1.4161307143845714,1.4271957374388171,-0.011065023054245816
41336,Justin Ellis,DT,53,1.4419204569710808,1.4534703718041473,-0.011549914833066542
46139,Fred Warner,MLB,13,0.8378112704151254,0.8494395384421716,-0.01162826802704617
41341,DaQuan Jones,DT,108,1.4463232579091694,1.457975877655877,-0.011652619746707641
46438,Tyler Lancaster,NT,39,1.3564054355671407,1.3683777497364924,-0.01197231416935172
52481,Davon Hamilton,DT,47,1.3673736660989964,1.3793679247511195,-0.011994258652123026
46144,Derrick Nnadi,DT,73,1.4450443681361944,1.457347523676206,-0.012303155540011504
42360,Arik Armstead,DE,137,1.2415699893108583,1.2539279115026014,-0.012357922191743118
46110,Harold Landry,OLB,190,0.862348857557912,0.8747713192513115,-0.012422461693399407
44885,Jordan Willis,DE,9,0.9780524137980279,0.9904980858167013,-0.012445672018673403
53679,Khyiris Tonga,NT,20,1.371033574483652,1.3854786276817321,-0.01444505319808026
52566,Bryce Hall,CB,4,0.38502944423997054,0.3996049389243126,-0.014575494684342077
53596,Nate Hobbs,CB,5,0.40642735042735045,0.42101523876190183,-0.014587888334551425
43378,Javon Hargrave,DT,150,1.4491678195911066,1.46401384751002,-0.014846027918913226
44880,Dawuane Smoot,DE,132,1.0737941375953803,1.089256967107455,-0.015462829512074672
46105,Shaquille Leonard,MLB,23,0.664376671041182,0.679979642448218,-0.015602971407035959
45006,Jordan Evans,OLB,4,0.9389140271493213,0.9549296200275421,-0.016015592878220825
46148,Rasheem Green,DE,184,1.2351220421930829,1.2513933337253074,-0.016271291532224473
53585,Isaiahh Loudermilk,DE,38,1.4102158560456766,1.4266398611821627,-0.01642400513648605
47878,Oshane Ximines,OLB,67,1.007579038983102,1.0240056461362697,-0.016426607153167714
43698,Woodrow Hamilton,DT,4,1.3884615384615384,1.405076652765274,-0.01661511430373569
44957,Grover Stewart,DT,107,1.4618506404363925,1.478488000753884,-0.016637360317491596
46652,Chandon Sullivan,CB,2,0.22,0.23666686564683914,-0.01666686564683914
42349,Leonard Williams,DT,212,1.381189187569314,1.398248482425258,-0.017059294855943753
46085,Tremaine Edmunds,MLB,16,0.6859966422466423,0.7035402823239565,-0.017543640077314245
53513,Chauncey Golston,DE,70,1.056504122010136,1.0740636842591422,-0.017559562249006105
42431,Danielle Hunter,DE,168,0.9690246552790962,0.9870470354244822,-0.018022380145386135
47795,Rashan Gary,OLB,176,0.8791500703407972,0.8976031328466806,-0.018453062505883452
44944,Deatrich Wise,DE,109,1.2568113990173893,1.275553295918561,-0.018741896901171468
46191,Kenny Young,ILB,33,0.6689766003247568,0.6880510151386261,-0.0190744148138693
43938,Antwaun Woods,DT,10,1.4428354521295697,1.4620099902153014,-0.019174538085731753
42497,Tyeler Davison,DT,66,1.4569873053225761,1.4764081619002603,-0.01942085657768407
52525,D.J. Wonnum,DE,142,1.1283941635947123,1.148756831464633,-0.020362667869920775
53535,Jay Tufele,DT,3,1.4194139194139195,1.4404879808425903,-0.021074061428670965
37778,Josh Bynes,ILB,5,0.7261904761904762,0.747370845079422,-0.02118036888894579
44869,Zach Cunningham,ILB,7,0.800786306425404,0.8223123465265546,-0.021526040101150508
39998,Jon Bostic,OLB,8,0.6888611796700033,0.7112578302621841,-0.022396650592180933
42535,Darius Philon,DT,67,1.4171776627613577,1.4398469835964602,-0.022669320835102598
48198,Bryan Mone,NT,63,1.3962223037440171,1.419330950767275,-0.023108647023257663
41449,Shamar Stephen,DE,67,1.3596963689995185,1.3828121352551588,-0.023115766255640408
53611,Adetokunbo Ogundeji,OLB,71,0.950884997947983,0.974061240612621,-0.0231762426646381
53900,Naquan Jones,DT,57,1.4164337921380912,1.4405296120727271,-0.024095819934636057
43775,Romeo Okwara,OLB,58,0.9748482054818128,0.9991395180595333,-0.02429131257772039
53502,Milton Williams,DT,73,1.4409678634770693,1.465499704831267,-0.024531841354197722
41915,Shaquil Barrett,OLB,194,0.9332275459269126,0.9590400792274278,-0.0258125333005152
43435,Matt Judon,OLB,161,0.9287952045751199,0.95475611405343,-0.02596090947831016
53624,Roy Lopez,DT,75,1.4205202307984512,1.4477016131083171,-0.027181382309865765
43321,Emmanuel Ogbah,DE,201,1.044626722204443,1.0718837122418987,-0.02725699003745569
35441,Ndamukong Suh,DE,183,1.3694804107962941,1.3968805683766559,-0.027400157580361736
52846,Jonah Williams,DE,49,1.3750229848323294,1.402563924692115,-0.027540939859785393
42826,DeShawn Williams,DT,75,1.3988952351094361,1.4265808788935344,-0.027685643784098126
46307,Zach Sieler,DT,73,1.3191005703693208,1.3468584981683183,-0.0277579277989973
52556,Alton Robinson,DE,48,0.8962926244152268,0.9244126491248608,-0.02812002470963403
45033,Ifeadi Odenigbo,DE,6,0.9098398169336385,0.9380740225315094,-0.02823420559787095
42543,Quandre Diggs,FS,1,0.2857142857142857,0.3147847354412079,-0.029070449726922187
52637,James Smith-Williams,DE,72,0.946551564279598,0.9761337546838654,-0.029582190404267454
47917,Greg Gaines,NT,104,1.4062466118528378,1.4361333296849177,-0.02988671783207977
46214,Bilal Nichols,DE,131,1.3737208237150231,1.4042685354938944,-0.03054771177887112
46543,Henry Mondeaux,DE,31,1.3490756067024308,1.3802466084880214,-0.031171001785590402
47796,Christian Wilkins,DT,128,1.3822054194936306,1.4138592649251223,-0.03165384543149157
35449,Tyson Alualu,DE,34,1.3947496152545324,1.4267364635187036,-0.0319868482641713
53547,Chris Rumph,OLB,20,0.8326506578852116,0.8656636893749237,-0.03301303148971204
43426,Dean Lowry,DE,130,1.3882694455343378,1.4216915263579442,-0.0334220808236064
47872,Bobby Okereke,MLB,20,0.8299687921727396,0.8637250050902366,-0.03375621291749713
43358,Yannick Ngakoue,DE,180,0.9989937065380821,1.032986147536172,-0.03399244099808963
53575,Jamien Sherwood,ILB,5,0.5309597523219814,0.5651746928691864,-0.03421494054720499
43404,De'Vondre Campbell,ILB,19,0.7290244056090561,0.7633040453258314,-0.03427963971677528
53620,Tarron Jackson,DE,35,1.0272666402529391,1.0621998361178806,-0.034933195864941556
46204,John Franklin-Myers,DE,151,0.9349035096836558,0.9708068224767975,-0.035903312793141774
45226,Josh Tupou,NT,85,1.4119686021165914,1.448403233640334,-0.0364346315237429
46135,Lorenzo Carter,OLB,116,0.9382063295091891,0.9746862755253397,-0.0364799460161506
52585,Michael Danna,DE,137,1.0049877403570566,1.0416355844396745,-0.036647844082617925
52651,Chris Jackson,CB,3,0.17216117216117213,0.20902552704016367,-0.03686435487899154
42401,Markus Golden,OLB,157,0.888779399898926,0.9258453151223006,-0.03706591522337476
45021,Rudy Ford,SS,8,0.6503036437246964,0.6880615241825581,-0.03775788045786166
52475,Julian Okwara,OLB,60,0.9567103604506351,0.9953800867001216,-0.03866972624948651
47786,Quinnen Williams,NT,136,1.3781569945838774,1.417122968856026,-0.03896597427214872
42346,Dante Fowler,OLB,103,0.987441670996887,1.0264552686978312,-0.03901359770094433
43388,Joe Schobert,ILB,21,0.7134110302662118,0.7527130047480265,-0.03930197448181482
43393,Tavon Young,CB,10,0.22242332830568126,0.26233497858047483,-0.03991165027479361
47889,Maxx Crosby,DE,193,0.9709276118377651,1.011061628556622,-0.04013401671885704
42465,Za'Darius Smith,OLB,5,1.0002442002442002,1.0404926776885985,-0.04024847744439837
42381,Preston Smith,OLB,118,0.8371020939563367,0.8774750538296618,-0.04037295987332514
46190,Taron Johnson,CB,4,0.5270979020979021,0.5685857906937599,-0.04148788859585781
47913,Drue Tranquill,ILB,10,0.778580586080586,0.820507475733757,-0.041926889653171
47971,David Long,ILB,31,0.5875107436126806,0.6308324166363285,-0.043321673023647894
46700,Tre Herndon,CB,4,0.2283653846153846,0.2721256949007511,-0.043760310285366505
48364,Del'Shawn Phillips,OLB,5,0.7731900452488688,0.8170331418514252,-0.043843096602556385
53479,Azeez Ojulari,OLB,145,0.9599705452829741,1.0039270413332972,-0.043956496050322987
39993,Kevin Minter,ILB,11,0.6032145099482561,0.6472017737952146,-0.043987263846958474
53645,Quincy Roche,OLB,42,1.016140547127942,1.0603820440315066,-0.044241496903564416
38555,Dont'a Hightower,OLB,47,0.891044908601809,0.9367990861547754,-0.04575417755296647
43361,Jonathan Bullard,DE,52,1.3619952599914313,1.4081278076538672,-0.046132547662435845
53039,Azur Kamara,DE,10,0.9026318216489841,0.9489898920059204,-0.04635807035693629
46219,Genard Avery,OLB,25,0.6644013821194734,0.7109876036643982,-0.046586221544924804
44825,Haason Reddick,OLB,147,0.850815464675654,0.8976424178298639,-0.04682695315420983
52415,Derrick Brown,DT,124,1.404568710376147,1.451691307367817,-0.04712259699166992
45215,Eric Wilson,OLB,6,0.4042087542087542,0.45276335378487903,-0.04855459957612485
41269,Kyle Van Noy,OLB,65,0.9353290649677729,0.9843634422008808,-0.04903437723310785
46387,Kendal Vickers,DT,10,1.4157783882783883,1.4671078324317932,-0.05132944415340488
48089,Malik Reed,OLB,183,0.8039462306222941,0.8557190983021845,-0.05177286767989048
46133,Tyquan Lewis,DE,150,1.1794276031905457,1.2312198209762573,-0.05179221778571161
53565,Marco Wilson,CB,1,0.3888888888888889,0.4408067762851715,-0.051917887396282614
52428,K'Lavon Chaisson,OLB,50,0.7554970890179802,0.8074985492229462,-0.05200146020496606
43354,Carl Nassib,DE,64,0.9791785906537955,1.0314536578953266,-0.0522750672415311
46091,Rashaan Evans,ILB,6,0.4681613707929497,0.5208114683628082,-0.052650097569858494
43353,Kevin Byard,FS,5,0.24711538461538457,0.3001639753580093,-0.05304859074262473
38667,Malik Jackson,DT,158,1.3597448018875506,1.413074516420123,-0.053329714532572244
52971,Jamir Jones,OLB,40,0.8174002621690315,0.8709019631147384,-0.05350170094570694
46146,Sam Hubbard,DE,198,0.9470629234039518,1.0005940983090738,-0.05353117490512198
46132,Carlton Davis,CB,4,0.3366798642533937,0.3909035176038742,-0.054223653350480544
45287,Kenny Moore,CB,15,0.26158517019043337,0.31612810790538787,-0.05454293771495453
46212,Ja'Whaun Bentley,ILB,18,0.8584549615709035,0.9131947515739335,-0.05473979000302991
52662,Derrek Tuszka,OLB,16,0.8576911027568922,0.9125306122004986,-0.05483950944360635
53957,A.J. Parker,CB,10,0.26029357116313634,0.3156879559159279,-0.055394384752791515
46157,Oren Burks,ILB,7,0.5586080586080586,0.6145020042146955,-0.05589394560663692
47812,L.J. Collier,DE,17,1.308902705143273,1.3659333551631254,-0.05703065001985269
40051,Alex Okafor,DE,103,0.9375590337870963,0.9947437166588978,-0.05718468287180144
42436,Henry Anderson,DE,10,1.4032735042735043,1.4607904553413391,-0.05751695106783482
41502,Daniel Sorensen,FS,18,0.6973799348799349,0.7553005880779691,-0.057920653198034154
42470,Damien Wilson,OLB,15,0.5659344359344359,0.6249023507038752,-0.05896791476943931
48599,Albert Huggins,DT,34,1.376239694594453,1.4354596804170048,-0.059219985822551786
42485,Adrian Amos,FS,5,0.3842032967032967,0.44391908049583434,-0.059715783792537634
43402,Nick Kwiatkoski,ILB,1,1.0,1.0598148107528687,-0.05981481075286865
52887,David Moa,DT,5,1.3645021645021644,1.4275264501571656,-0.06302428565500104
48671,Derick Roberson,OLB,1,1.0,1.064617395401001,-0.06461739540100098
40077,John Simon,DE,7,0.7542933257218971,0.8191296287945339,-0.0648363030726367
43319,Vernon Butler,DT,49,1.3939106711615714,1.4595739403549506,-0.06566326919337905
47802,Jeffery Simmons,DT,224,1.3638988014487503,1.4303871797663825,-0.066488378317632
48032,Michael Dogbe,DE,44,1.3654518200837371,1.4324802973053672,-0.06702847722163013
45063,Pat O'Connor,DE,7,1.314843507079532,1.382332171712603,-0.06748866463307093
40042,Brandon Williams,NT,80,1.3846068775691749,1.4535087004303933,-0.0689018228612184
42391,Denzel Perryman,ILB,3,0.7589743589743589,0.8287231822808584,-0.06974882330649941
52665,Malcolm Roach,DT,77,1.3835715550145093,1.4534013875119098,-0.06982983249740045
52641,Casey Toohill,DE,26,0.9244497791320534,0.9944595900865701,-0.07000981095451679
46082,Daron Payne,DT,202,1.3497338770454448,1.419805651253993,-0.07007177420854825
47871,Cody Barton,MLB,2,0.7705128205128204,0.8405848443508148,-0.07007202383799432
44877,Larry Ogunjobi,DT,178,1.4092856852323379,1.4806022704317328,-0.07131658519939497
40171,Nicholas Williams,DE,112,1.3832781094814055,1.4554907456040382,-0.0722126361226328
47810,Johnathan Abram,SS,11,0.44568880394967353,0.5182175067338076,-0.07252870278413415
48123,Kevin Givens,DT,31,1.3565031299304244,1.42928599157641,-0.07278286164598569
40017,Tyrann Mathieu,SS,12,0.41023967862203153,0.48495379587014514,-0.07471411724811361
47956,Cole Holcomb,OLB,24,0.689886802686515,0.7646494333942732,-0.07476263070775817
43694,Michael Pierce,NT,37,1.3449675123359335,1.4204096407503695,-0.07544212841443612
47788,Devin White,ILB,60,0.6673458694142838,0.7428234537442525,-0.0754775843299688
43323,Jaylon Smith,MLB,8,0.8496394230769231,0.9251659587025642,-0.07552653562564113
41243,C.J. Mosley,ILB,27,0.7603092637434407,0.8358771756843284,-0.07556791194088783
52515,Akeem Davis-Gaither,ILB,9,0.6986848028514695,0.7746472689840529,-0.07596246613258337
41786,Kerry Hyder,DE,155,1.2587360615773375,1.3347858363582241,-0.07604977478088669
46232,Tim Settle,DT,40,1.3270886513988547,1.4034745424985886,-0.07638589109973391
38607,Demario Davis,ILB,52,0.8800741376850918,0.9571637459672414,-0.07708960828214956
38577,Bobby Wagner,MLB,27,0.6745281332394149,0.7518311308489906,-0.07730299760957571
43405,Hassan Ridgeway,DT,68,1.3619588184586096,1.4394904182237738,-0.0775315997651641
46080,Minkah Fitzpatrick,SS,2,0.40374331550802134,0.48189677298069,-0.07815345747266866
52829,Breiden Fehoko,NT,5,1.3004524886877828,1.3815228462219238,-0.08107035753414102
53489,Pete Werner,OLB,10,0.6929192737087473,0.7740799874067307,-0.0811607136979833
52445,Kyle Dugger,FS,6,0.4423076923076923,0.5247852181394895,-0.08247752583179718
52496,Jordan Elliott,DT,62,1.3719407492519349,1.4544524858074803,-0.08251173655554543
43854,Brennan Scarlett,OLB,19,0.8961207421387477,0.9788668202726465,-0.08274607813389878
37841,Mario Addison,DE,94,0.9160081875081031,0.9994999690258757,-0.08349178151777265
52492,Terrell Lewis,OLB,136,0.7825855964957202,0.866483087048811,-0.0838974905530909
41235,Anthony Barr,OLB,13,0.7245427460925199,0.8085170732094691,-0.08397432711694928
46264,Sebastian Joseph,NT,160,1.3294896380011028,1.4139216504991055,-0.08443201249800267
42667,Justin Hamilton,DT,38,1.3742334131035505,1.4587145322247554,-0.08448111912120514
48482,Tyrel Dodson,MLB,1,0.6153846153846154,0.7002460956573486,-0.08486148027273321
52605,John Penisini,NT,30,1.3420110396426186,1.42694704135259,-0.08493600170997136
53612,Avery Williams,RB,5,0.25062937062937063,0.33583971858024597,-0.08521034795087536
43700,Jonathan Jones,CB,2,0.23076923076923075,0.3161194175481796,-0.08535018677894887
53876,Raymond Johnson,DE,22,1.2510220718825358,1.3367454463785344,-0.08572337449599873
44902,Shaquill Griffin,CB,1,0.1428571428571428,0.22927990555763245,-0.08642276270048965
46121,Kemoko Turay,DE,56,0.9549461360130937,1.0423569636685508,-0.08741082765545706
53459,Gregory Rousseau,DE,78,0.908647031178858,0.9961246007528061,-0.08747756957394792
42355,Danny Shelton,NT,39,1.3558442087455465,1.4437701671551435,-0.08792595840959698
46958,Chris Board,MLB,20,0.9060502659535168,0.9955202311277389,-0.08946996517422223
42382,Eddie Goldman,NT,48,1.3617130007345084,1.4518814360102017,-0.09016843527569329
42467,Kwon Alexander,OLB,18,0.9070031003854532,0.9973183307382796,-0.09031523035282629
44991,Davon Godchaux,NT,89,1.3793422899492644,1.4697904613580597,-0.09044817140879521
53450,Kwity Paye,DE,93,0.9197454308492459,1.0109157305891796,-0.09117029973993371
52503,McTelvin Agim,DE,16,1.3618280149988657,1.4530038014054298,-0.09117578640656411
44887,Duke Riley,ILB,13,0.7782339455416379,0.8694191116553086,-0.0911851661136708
45009,Al-Quadin Muhammad,DE,145,0.960324297541436,1.052457953732589,-0.09213365619115332
53483,Dayo Odeyingbo,DE,10,1.2067044067044068,1.298903900384903,-0.09219949368049615
42388,Eric Kendricks,ILB,30,0.701862027855634,0.7948732217152913,-0.09301119385965737
44872,Chidobe Awuzie,CB,1,0.1111111111111111,0.20455579459667206,-0.09344468348556095
46209,Maurice Hurst,DT,5,1.376923076923077,1.4704320192337037,-0.09350894231062676
43540,Joe Walker,ILB,2,1.0637254901960784,1.1589074730873108,-0.09518198289123231
53059,Kristian Welch,MLB,1,0.8333333333333334,0.9288920164108276,-0.09555868307749427
44976,Matt Milano,OLB,25,0.7860397040867629,0.8827555978298187,-0.0967158937430558
48524,Anthony Chesley,CB,2,0.31698564593301437,0.41374553740024567,-0.09675989146723132
46142,Jerome Baker,ILB,33,0.814847441235001,0.9116514216769825,-0.0968039804419815
44848,Budda Baker,SS,15,0.3568729516097937,0.45376210113366444,-0.09688914952387075
52436,Patrick Queen,MLB,23,0.6656996144699738,0.7639742966579355,-0.09827468218796157
40008,Robert Alford,CB,1,0.2222222222222222,0.3228052854537964,-0.10058306323157418
42390,Eric Rowe,SS,7,0.38873188215293475,0.49085894227027893,-0.10212706011734417
48544,Shy Tuttle,DT,78,1.3946235684398367,1.4974564405588002,-0.10283287211896351
46230,Jermaine Carter,MLB,19,0.6981323501060344,0.8017612225130984,-0.10362887240706416
40608,Damion Square,NT,43,1.3947605963694705,1.4996238115221956,-0.10486321515272504
44174,Sam Eguavoen,ILB,57,0.9898618094739978,1.0952009297253793,-0.10533912025138144
38559,Harrison Smith,SS,11,0.5195608906838853,0.6264762417836622,-0.10691535109977694
41300,Christian Kirksey,OLB,12,0.6626193165279853,0.7702794000506401,-0.10766008352265487
46169,Dorian O'Daniel,OLB,1,0.9230769230769232,1.031056523323059,-0.10797960024613584
47939,Justin Hollins,OLB,64,0.7282007579113567,0.836463799700141,-0.10826304178878417
52448,Ross Blacklock,DT,63,1.338269668164482,1.446965529805138,-0.10869586164065607
46267,Reginald McKenzie,G,3,1.1766381766381766,1.2857322692871094,-0.1090940926489327
40166,Jordan Poyer,SS,8,0.335997335997336,0.45049917697906494,-0.11450184098172897
39908,Erik Harris,FS,3,0.4371184371184371,0.5517925719420115,-0.1146741348235744
52643,Jashon Cornell,DE,3,1.2308488612836437,1.3483866055806477,-0.11753774429700396
41263,Demarcus Lawrence,DE,24,0.9563827443626205,1.074205053349336,-0.11782230898671549
41338,Ross Cockrell,CB,17,0.18348254849307954,0.30165499098160686,-0.11817244248852733
42869,James Vaughters,OLB,7,0.8502747252747253,0.9693086913653782,-0.11903396609065298
52512,,FS,1,0.0,0.1192978248000145,-0.1192978248000145
46127,Isaiah Oliver,CB,11,0.15729329494035377,0.27902607958425174,-0.12173278464389799
42331,Efe Obada,DE,33,1.2341823155431986,1.356681724389394,-0.12249940884619553
53448,Jamin Davis,MLB,22,0.6632463155078,0.7876688797365535,-0.12442256422875354
45533,Joseph Jones,ILB,16,0.8569723089144444,0.982695747166872,-0.12572343825242754
35470,Jerry Hughes,DE,105,0.9013753431663071,1.02863830384754,-0.12726296068123283
44863,DeMarcus Walker,DE,80,1.248503882256057,1.3760219536721707,-0.12751807141611365
52663,Tae Crowder,ILB,20,0.5627047384347155,0.6926384389400482,-0.12993370050533265
46171,Jalyn Holmes,DE,4,0.8526923076923076,0.9833291172981262,-0.13063680960581855
35459,,SS,2,0.0,0.13078612834215164,-0.13078612834215164
53581,Caden Sterns,FS,4,0.2436594202898551,0.3750769644975662,-0.13141754420771112
52607,Jordan Fuller,SS,2,0.0714285714285714,0.2037205547094345,-0.1322919832808631
46197,Kentavius Street,DE,61,1.2498421834246327,1.3870119696757832,-0.13716978625115045
40031,Logan Ryan,FS,12,0.2594555927164623,0.39896751071015996,-0.1395119179936977
43474,DeAndre Houston-Carson,FS,6,0.689835763365175,0.8299487431844076,-0.14011297981923243
47830,Marquise Blair,FS,1,0.4230769230769231,0.5644574165344238,-0.14138049345750076
53051,Javelin Guidry,CB,5,0.32371794871794873,0.4679942548274994,-0.1442763061095507
47915,Ugochukwu Amadi,FS,5,0.3833333333333333,0.5277926743030548,-0.14445934096972152
47882,Mike Edwards,FS,10,0.2687246821805645,0.4162577837705612,-0.14753310158999672
43294,Jalen Ramsey,CB,9,0.24045584045584045,0.38975106014145744,-0.14929521968561701
52506,Malik Harrison,OLB,11,0.2577862541498905,0.40757707032290375,-0.14979081617301324
52473,Logan Wilson,ILB,17,0.7838734794617148,0.9367172788171207,-0.15284379935540596
39976,Alec Ogletree,ILB,8,0.37481306458456815,0.5283566936850548,-0.15354362910048663
42421,P.J. Williams,CB,6,0.40326340326340326,0.5574045727650324,-0.1541411695016292
45011,D.J. Jones,DT,72,1.2454363633363723,1.399631490310033,-0.15419512697366086
52416,Isaiah Simmons,ILB,29,0.4364838604629893,0.5913355943971667,-0.15485173393417737
43306,Keanu Neal,MLB,8,0.6215981934731934,0.7777249291539192,-0.15612673568072577
47016,A.J. Johnson,ILB,37,0.7363828722473897,0.8936550363495543,-0.15727216410216463
52452,Grant Delpit,SS,3,0.21794871794871795,0.37522472937901813,-0.1572760114303002
42370,Byron Jones,CB,2,0.21875,0.37697020173072815,-0.15822020173072815
53740,Josiah Bronson,DT,9,1.3056219143175665,1.46449961927202,-0.15887770495445366
52591,Cam Brown,OLB,5,0.6342790542790542,0.7951383531093598,-0.1608592988303055
48566,Daniel Wise,DE,2,1.2767857142857142,1.4388633370399475,-0.16207762275423332
52640,Carlos Davis,DT,8,1.2561531605649252,1.4183392077684402,-0.16218604720351507
42031,Denico Autry,DE,178,1.0679003686771247,1.230926537781619,-0.16302616910449436
53609,Talanoa Hufanga,SS,4,0.2547846889952153,0.4178307205438614,-0.1630460315486461
39008,Julian Stanford,OLB,3,0.48926767676767674,0.6524402499198914,-0.16317257315221462
43350,Vonn Bell,SS,12,0.6116673801027348,0.7749854996800423,-0.1633181195773075
45007,Vincent Taylor,DT,8,1.2962113711881513,1.4605175256729126,-0.16430615448476124
48268,Azeez Al-Shaair,MLB,17,0.5946354986602664,0.7594181509578929,-0.16478265229762648
46074,Bradley Chubb,OLB,7,0.7164029690116646,0.8813237122126988,-0.16492074320103414
47828,Joejuan Williams,CB,2,0.1111111111111111,0.2770943194627762,-0.16598320835166508
53601,Deommodore Lenoir,CB,1,0.0714285714285714,0.23748111724853516,-0.16605254581996376
43503,Elandon Roberts,ILB,19,0.5379206020380188,0.7045228998912009,-0.16660229785318198
46194,Avonte Maddox,CB,4,0.0568181818181818,0.22549840435385704,-0.16868022253567524
52592,Bravvion Roy,DT,34,1.2961848515028915,1.4661339100669413,-0.1699490585640495
53530,Ifeatu Melifonwu,CB,2,0.75,0.9208568036556244,-0.17085680365562433
48581,Roderic Teamer,CB,2,0.11858974358974356,0.28999461233615875,-0.1714048687464152
48008,Darryl Johnson,DE,6,1.078965478965479,1.2535147269566853,-0.17454924799120644
44922,Jaleel Johnson,DT,40,1.2364787517871294,1.4129289746284486,-0.17645022284131906
46153,Justin Jones,DT,34,1.2057747884883099,1.3832453419180477,-0.17747055342973792
34654,Jason McCourty,FS,3,0.4812409812409812,0.6604119936625162,-0.17917101242153508
46253,Marcell Harris,OLB,3,0.1515151515151515,0.33094022671381634,-0.17942507519866482
46329,,CB,1,0.0,0.17971669137477875,-0.17971669137477875
43376,Nick Vigil,OLB,10,0.6309631544925662,0.8111622989177704,-0.1801991444252041
52633,Kenny Willekes,DE,11,1.1695376934278536,1.3500705036250027,-0.1805328101971492
43645,Jarrod Wilson,SS,1,0.1153846153846153,0.29669028520584106,-0.18130566982122576
46186,Jordan Whitehead,SS,10,0.24849719887955182,0.43070479929447175,-0.18220760041491993
41376,Ricardo Allen,SS,5,0.2548076923076923,0.43786439299583435,-0.18305670068814206
53587,Daviyon Nixon,DT,21,1.2943230578944864,1.4784817809150332,-0.1841587230205468
53681,Chris Garrett,LB,2,0.6126373626373627,0.7983255386352539,-0.18568817599789128
44845,Kevin King,CB,1,0.0476190476190476,0.23707325756549835,-0.18945420994645074
46521,Ben Niemann,ILB,31,0.5456232208651564,0.7359726150189677,-0.19034939415381133
44827,Malik Hooker,FS,3,0.23076923076923075,0.42710043986638385,-0.1963312090971531
52546,L'Jarius Sneed,CB,19,0.2687150568729516,0.46594929381420735,-0.19723423694125577
53935,Darius Hodge,DE,4,0.7261705685618729,0.9354772865772247,-0.20930671801535183
48487,Cameron Lewis,CB,1,0.16,0.3695981204509735,-0.2095981204509735
40107,Micah Hyde,FS,7,0.3803547329863119,0.5912188078675952,-0.2108640748812832
39941,Chris Banjo,FS,1,0.4117647058823529,0.6237855553627014,-0.2120208494803485
44999,Chuck Clark,SS,15,0.49260216766826004,0.7059865077336629,-0.2133843400654029
45302,Torry McTyer,CB,1,0.0625,0.275897353887558,-0.21339735388755798
47793,Devin Bush,ILB,12,0.35419095397356265,0.570690706372261,-0.21649975239869837
53465,Jevon Holland,FS,10,0.3557008547008547,0.5726083427667618,-0.21690748806590707
43420,Blake Martinez,ILB,6,0.7034877332575542,0.9259393115838369,-0.22245157832628268
44904,Jourdan Lewis,CB,2,0.14583333333333334,0.37178075313568115,-0.2259474198023478
40001,Margus Hunt,DT,4,1.1863274324574635,1.4126532971858978,-0.2263258647284344
46175,Josey Jewell,ILB,2,0.46969696969696967,0.699931263923645,-0.23023429422667535
36712,Andrew Sendejo,FS,3,0.25091575091575086,0.4826682507991791,-0.2317524998834282
52469,Kristian Fulton,CB,1,0.1,0.3413318991661072,-0.24133189916610717
48780,Troy Reeder,ILB,14,0.47223568914745384,0.7170989832707814,-0.24486329412332752
46168,,CB,1,0.0,0.2493366003036499,-0.2493366003036499
52991,Myles Bryant,CB,2,0.15384615384615385,0.4068656712770462,-0.25301951743089235
52945,Jace Whittaker,CB,4,0.21016483516483514,0.46335306763648987,-0.25318823247165473
45038,Isaac Rochell,DE,12,0.8622905677253504,1.1165193518002827,-0.25422878407493243
52939,,SS,3,0.0,0.2579897918427984,-0.2579897918427984
40096,A.J. Klein,OLB,3,0.5897435897435898,0.8501461148262024,-0.2604025250826127
42929,Alex Singleton,OLB,5,0.5773737373737374,0.8410455346107483,-0.2636717972370109
47996,Donovan Wilson,SS,2,0.44285714285714284,0.7086696773767471,-0.2658125345196043
47868,Jaylon Ferguson,OLB,4,0.6718142968142968,0.9487777203321457,-0.27696342351784886
43757,Andrew Adams,SS,2,0.0769230769230769,0.35704149305820465,-0.2801184161351278
53521,,ILB,1,0.0,0.28194737434387207,-0.28194737434387207
40688,A.J. Bouye,CB,6,0.21701007326007327,0.4999642570813497,-0.2829541838212764
46259,DeShon Elliott,FS,15,0.3780481816658287,0.6631143768628438,-0.28506619519701515
48473,Jonathan Ledbetter,DE,4,1.125,1.4112748503684998,-0.28627485036849976
47881,Quincy Williams,OLB,9,0.3095899470899471,0.5969066818555196,-0.2873167347655725
42389,,SS,1,0.0,0.28852251172065735,-0.28852251172065735
47974,,SS,1,0.0,0.29650646448135376,-0.29650646448135376
43497,Kamu Grugier-Hill,ILB,9,0.5563105413105414,0.87163864241706,-0.3153281011065187
43366,,CB,2,0.0,0.31938010454177856,-0.31938010454177856
41595,Mike Pennel,NT,7,1.1363636363636365,1.4594369786126273,-0.3230733422489909
43761,,CB,2,0.0,0.33073200285434723,-0.33073200285434723
46123,Jessie Bates,FS,4,0.1291208791208791,0.46040070056915283,-0.3312798214482737
52624,Kamren Curl,FS,4,0.3125,0.6464122161269188,-0.3339122161269188
53533,Brandon Stephens,FS,12,0.5405577055383557,0.8834901228547096,-0.34293241731635393
47863,Sione Takitaki,OLB,2,0.25,0.5965142101049423,-0.3465142101049423
44839,,CB,1,0.0,0.3656079173088074,-0.3656079173088074
42830,,FS,1,0.0,0.36903291940689087,-0.36903291940689087
44830,,CB,2,0.0,0.37016303837299347,-0.37016303837299347
47947,E.J. Speed,OLB,3,0.2838827838827838,0.6554730435212454,-0.3715902596384615
48516,,ILB,1,0.0,0.37449878454208374,-0.37449878454208374
52852,,FS,1,0.0,0.39176303148269653,-0.39176303148269653
46349,George Odum,FS,1,0.2222222222222222,0.617385983467102,-0.39516376124487984
53509,Divine Deablo,OLB,2,0.1602564102564102,0.5661968290805817,-0.4059404188241714
47877,,CB,1,0.0,0.4407561421394348,-0.4407561421394348
44828,,CB,2,0.0,0.4462374299764633,-0.4462374299764633
46097,Terrell Edmunds,SS,2,0.369047619047619,0.8343026340007782,-0.4652550149531592
45414,Eli Ankou,DT,6,0.8421855921855922,1.3649748961130779,-0.5227893039274857
53636,Jonathan Marshall,DT,2,0.9545454545454546,1.5185279846191406,-0.563982530073686
45020,,FS,1,0.0,0.5924714803695679,-0.5924714803695679
52623,,ILB,1,0.0,0.6902590394020081,-0.6902590394020081
47899,Amani Hooker,FS,1,0.0714285714285714,1.0802690982818604,-1.008840526853289
